# WaveFront *.obj file (generated by Autodesk ATF)

mtllib MoeFinCan.mtl

g Solid1

v -29.864742 -7.514073 0.000000
v -29.864742 7.485926 0.000000
v -29.864142 -5.514073 0.072875
v -29.864142 -4.514073 0.072875
v -29.864142 -3.514073 0.072875
v -29.864142 -2.514073 0.072875
v -29.863975 -5.561934 0.082401
v -29.863975 -5.466213 0.082401
v -29.863975 -4.561934 0.082401
v -29.863975 -4.466213 0.082401
v -29.863975 -3.561934 0.082401
v -29.863975 -3.466213 0.082401
v -29.863975 -2.561934 0.082401
v -29.863975 -2.466213 0.082401
v -29.863387 -5.602495 0.109521
v -29.863387 -5.425651 0.109521
v -29.863387 -4.602495 0.109521
v -29.863387 -4.425651 0.109521
v -29.863387 -3.602495 0.109521
v -29.863387 -3.425651 0.109521
v -29.863387 -2.602495 0.109521
v -29.863387 -2.425651 0.109521
v -29.862196 -5.629582 0.150098
v -29.862196 -5.398564 0.150098
v -29.862196 -4.629582 0.150097
v -29.862196 -4.398564 0.150098
v -29.862196 -3.629582 0.150098
v -29.862196 -3.398564 0.150098
v -29.862196 -2.629582 0.150098
v -29.862196 -2.398564 0.150098
v -29.860313 -5.639073 0.197926
v -29.860313 -5.389073 0.197926
v -29.860313 -4.639073 0.197926
v -29.860313 -4.389073 0.197926
v -29.860313 -3.639073 0.197926
v -29.860313 -3.389073 0.197926
v -29.860313 -2.639073 0.197926
v -29.860313 -2.389073 0.197926
v -29.857913 -5.629550 0.245732
v -29.857913 -5.398597 0.245732
v -29.857913 -4.629549 0.245733
v -29.857913 -4.398597 0.245732
v -29.857913 -3.629549 0.245732
v -29.857913 -3.398597 0.245732
v -29.857913 -2.629549 0.245732
v -29.857913 -2.398597 0.245732
v -29.855473 -5.602467 0.286258
v -29.855473 -5.425680 0.286258
v -29.855473 -4.602467 0.286258
v -29.855473 -4.425680 0.286258
v -29.855473 -3.602467 0.286258
v -29.855473 -3.425680 0.286258
v -29.855473 -2.602467 0.286258
v -29.855473 -2.425680 0.286258
v -29.853633 -5.561925 0.313353
v -29.853633 -5.466222 0.313353
v -29.853633 -4.561924 0.313354
v -29.853633 -4.466222 0.313353
v -29.853633 -3.561925 0.313353
v -29.853633 -3.466221 0.313353
v -29.853633 -2.561925 0.313353
v -29.853633 -2.466221 0.313353
v -29.852947 -5.514073 0.322875
v -29.852947 -4.514073 0.322875
v -29.852947 -3.514073 0.322875
v -29.852947 -2.514073 0.322875
v -29.826886 -7.514073 -0.577578
v -29.826886 -7.514073 0.577578
v -29.826886 7.485926 -0.577578
v -29.826886 7.485926 0.577578
v -29.814742 -7.514073 0.000000
v -29.814742 7.485926 0.000000
v -29.814135 -5.514073 0.072875
v -29.814135 -4.514073 0.072875
v -29.814135 -3.514073 0.072875
v -29.814135 -2.514073 0.072875
v -29.813966 -5.561934 0.082401
v -29.813966 -5.466212 0.082401
v -29.813966 -4.561934 0.082401
v -29.813966 -4.466212 0.082401
v -29.813966 -3.561935 0.082401
v -29.813966 -3.466212 0.082401
v -29.813966 -2.561935 0.082401
v -29.813966 -2.466212 0.082401
v -29.813371 -5.602496 0.109521
v -29.813371 -5.425650 0.109521
v -29.813371 -4.602496 0.109521
v -29.813371 -4.425650 0.109521
v -29.813371 -3.602496 0.109521
v -29.813371 -3.425650 0.109521
v -29.813371 -2.602496 0.109521
v -29.813371 -2.425650 0.109521
v -29.812166 -5.629583 0.150099
v -29.812166 -5.398564 0.150099
v -29.812166 -4.629583 0.150099
v -29.812166 -4.398564 0.150099
v -29.812166 -3.629583 0.150099
v -29.812166 -3.398564 0.150099
v -29.812166 -2.629583 0.150099
v -29.812166 -2.398564 0.150099
v -29.810262 -5.639073 0.197927
v -29.810262 -5.389073 0.197927
v -29.810262 -4.639073 0.197927
v -29.810262 -4.389073 0.197927
v -29.810262 -3.639073 0.197927
v -29.810262 -3.389073 0.197927
v -29.810262 -2.639073 0.197927
v -29.810262 -2.389073 0.197927
v -29.807835 -5.629549 0.245732
v -29.807835 -5.398597 0.245732
v -29.807835 -4.629549 0.245733
v -29.807835 -4.398597 0.245732
v -29.807835 -3.629549 0.245732
v -29.807835 -3.398597 0.245732
v -29.807835 -2.629549 0.245732
v -29.807835 -2.398597 0.245732
v -29.805367 -5.602467 0.286258
v -29.805367 -5.425680 0.286258
v -29.805367 -4.602467 0.286258
v -29.805367 -4.425680 0.286258
v -29.805367 -3.602467 0.286258
v -29.805367 -3.425680 0.286258
v -29.805367 -2.602467 0.286258
v -29.805367 -2.425680 0.286258
v -29.803506 -5.561925 0.313353
v -29.803506 -5.466221 0.313353
v -29.803506 -4.561924 0.313354
v -29.803506 -4.466221 0.313353
v -29.803506 -3.561925 0.313353
v -29.803506 -3.466221 0.313353
v -29.803506 -2.561925 0.313353
v -29.803506 -2.466221 0.313353
v -29.802812 -5.514073 0.322875
v -29.802812 -4.514073 0.322875
v -29.802812 -3.514073 0.322875
v -29.802812 -2.514073 0.322875
v -29.777313 -7.514073 -0.571052
v -29.777313 -7.514073 0.571052
v -29.777313 7.485926 -0.571052
v -29.777313 7.485926 0.571052
v -29.713964 -7.514073 -1.145274
v -29.713964 -7.514073 1.145274
v -29.713964 7.485926 -1.145274
v -29.713964 7.485926 1.145274
v -29.665667 -7.514073 -1.132333
v -29.665667 -7.514073 1.132333
v -29.665667 7.485926 -1.132333
v -29.665667 7.485926 1.132333
v -29.527909 -7.514073 -1.693374
v -29.527909 -7.514073 1.693374
v -29.527909 7.485926 -1.693374
v -29.527909 7.485926 1.693374
v -29.481715 -7.514073 -1.674240
v -29.481715 -7.514073 1.674240
v -29.481715 7.485926 -1.674240
v -29.481715 7.485926 1.674240
v -29.271904 -7.514073 -2.212500
v -29.271904 -7.514073 2.212500
v -29.271904 7.485926 -2.212500
v -29.271904 7.485926 2.212500
v -29.228603 -7.514073 -2.187500
v -29.228603 -7.514073 2.187500
v -29.228603 7.485926 -2.187500
v -29.228603 7.485926 2.187500
v -28.950331 -7.514073 -2.693769
v -28.950331 -7.514073 2.693769
v -28.950331 7.485926 -2.693769
v -28.950331 7.485926 2.693769
v -28.910663 -7.514073 -2.663331
v -28.910663 -7.514073 2.663331
v -28.910663 7.485926 -2.663331
v -28.910663 7.485926 2.663331
v -28.568689 -7.514073 -3.128947
v -28.568689 -7.514073 3.128947
v -28.568689 7.485926 -3.128947
v -28.568689 7.485926 3.128947
v -28.533334 -7.514073 -3.093592
v -28.533334 -7.514073 3.093592
v -28.533334 7.485926 -3.093592
v -28.533334 7.485926 3.093592
v -28.133511 -7.514073 -3.510589
v -28.133511 -7.514073 3.510589
v -28.133511 7.485926 -3.510589
v -28.133511 7.485926 3.510589
v -28.103073 -7.514073 -3.470921
v -28.103073 -7.514073 3.470921
v -28.103073 7.485926 -3.470921
v -28.103073 7.485926 3.470921
v -27.652242 -7.514073 -3.832162
v -27.652242 -7.514073 3.832162
v -27.652242 7.485926 -3.832162
v -27.652242 7.485926 3.832162
v -27.627242 -7.514073 -3.788861
v -27.627242 -7.514073 3.788861
v -27.627242 7.485926 -3.788861
v -27.627242 7.485926 3.788861
v -27.133116 -7.514073 -4.088167
v -27.133116 -7.514073 4.088167
v -27.133116 7.485926 -4.088167
v -27.133116 7.485926 4.088167
v -27.113982 -7.514073 -4.041973
v -27.113982 -7.514073 4.041973
v -27.113982 7.485926 -4.041973
v -27.113982 7.485926 4.041973
v -26.585016 -7.514073 -4.274222
v -26.585016 -7.514073 4.274222
v -26.585016 7.485926 -4.274222
v -26.585016 7.485926 4.274222
v -26.572075 -7.514073 -4.225925
v -26.572075 -7.514073 4.225925
v -26.572075 7.485926 -4.225925
v -26.572075 7.485926 4.225925
v -26.017320 -7.514073 -4.387144
v -26.017320 -7.514073 4.387144
v -26.017320 7.485926 -4.387144
v -26.017320 7.485926 4.387144
v -26.010794 -7.514073 -4.337571
v -26.010794 -7.514073 4.337571
v -26.010794 7.485926 -4.337571
v -26.010794 7.485926 4.337571
v -25.762617 -5.514073 -4.413205
v -25.762617 -5.514073 -4.363070
v -25.762617 -4.514073 -4.413205
v -25.762617 -4.514073 -4.363070
v -25.762617 -3.514073 -4.413205
v -25.762617 -3.514073 -4.363070
v -25.762617 -2.514073 -4.413205
v -25.762617 -2.514073 -4.363070
v -25.753095 -5.561925 -4.413891
v -25.753095 -5.561925 -4.363764
v -25.753095 -5.466222 -4.413891
v -25.753095 -5.466221 -4.363764
v -25.753096 -4.561924 -4.413891
v -25.753096 -4.561924 -4.363764
v -25.753095 -4.466222 -4.413891
v -25.753095 -4.466221 -4.363764
v -25.753095 -3.561925 -4.413891
v -25.753095 -3.561925 -4.363764
v -25.753095 -3.466221 -4.413891
v -25.753095 -3.466221 -4.363764
v -25.753095 -2.561925 -4.413891
v -25.753095 -2.561925 -4.363764
v -25.753095 -2.466221 -4.413891
v -25.753095 -2.466221 -4.363764
v -25.726000 -5.602467 -4.415731
v -25.726000 -5.602467 -4.365625
v -25.726000 -5.425680 -4.415731
v -25.726000 -5.425680 -4.365625
v -25.726000 -4.602467 -4.415731
v -25.726000 -4.602467 -4.365625
v -25.726000 -4.425680 -4.415731
v -25.726000 -4.425680 -4.365625
v -25.726000 -3.602467 -4.415731
v -25.726000 -3.602467 -4.365625
v -25.726000 -3.425680 -4.415731
v -25.726000 -3.425680 -4.365625
v -25.726000 -2.602467 -4.415731
v -25.726000 -2.602467 -4.365625
v -25.726000 -2.425680 -4.415731
v -25.726000 -2.425680 -4.365625
v -25.685474 -5.629550 -4.418171
v -25.685474 -5.629549 -4.368093
v -25.685474 -5.398597 -4.418171
v -25.685474 -5.398597 -4.368093
v -25.685475 -4.629549 -4.418171
v -25.685475 -4.629549 -4.368093
v -25.685474 -4.398597 -4.418171
v -25.685474 -4.398597 -4.368093
v -25.685474 -3.629549 -4.418171
v -25.685474 -3.629549 -4.368093
v -25.685474 -3.398597 -4.418171
v -25.685474 -3.398597 -4.368093
v -25.685474 -2.629549 -4.418171
v -25.685474 -2.629549 -4.368093
v -25.685474 -2.398597 -4.418171
v -25.685474 -2.398597 -4.368093
v -25.637668 -5.639073 -4.420571
v -25.637669 -5.639073 -4.370520
v -25.637668 -5.389073 -4.420571
v -25.637669 -5.389073 -4.370520
v -25.637668 -4.639073 -4.420571
v -25.637669 -4.639073 -4.370520
v -25.637668 -4.389073 -4.420571
v -25.637669 -4.389073 -4.370520
v -25.637668 -3.639073 -4.420571
v -25.637669 -3.639073 -4.370520
v -25.637668 -3.389073 -4.420571
v -25.637669 -3.389073 -4.370520
v -25.637668 -2.639073 -4.420571
v -25.637669 -2.639073 -4.370520
v -25.637668 -2.389073 -4.420571
v -25.637669 -2.389073 -4.370520
v -25.589841 -5.629583 -4.372424
v -25.589841 -5.398564 -4.372424
v -25.589841 -4.629583 -4.372424
v -25.589841 -4.398564 -4.372424
v -25.589841 -3.629583 -4.372424
v -25.589841 -3.398564 -4.372424
v -25.589841 -2.629583 -4.372424
v -25.589841 -2.398564 -4.372424
v -25.589840 -5.629582 -4.422454
v -25.589840 -5.398564 -4.422454
v -25.589839 -4.629582 -4.422454
v -25.589840 -4.398564 -4.422454
v -25.589840 -3.629582 -4.422454
v -25.589840 -3.398564 -4.422454
v -25.589840 -2.629582 -4.422454
v -25.589840 -2.398564 -4.422454
v -25.549263 -5.602495 -4.423645
v -25.549263 -5.602496 -4.373629
v -25.549263 -5.425651 -4.423645
v -25.549263 -5.425650 -4.373629
v -25.549263 -4.602495 -4.423645
v -25.549263 -4.602496 -4.373629
v -25.549263 -4.425651 -4.423645
v -25.549263 -4.425650 -4.373629
v -25.549263 -3.602495 -4.423645
v -25.549263 -3.602496 -4.373629
v -25.549263 -3.425651 -4.423645
v -25.549263 -3.425650 -4.373629
v -25.549263 -2.602495 -4.423645
v -25.549263 -2.602496 -4.373629
v -25.549263 -2.425651 -4.423645
v -25.549263 -2.425650 -4.373629
v -25.522143 -5.561934 -4.424233
v -25.522143 -5.561934 -4.374224
v -25.522143 -5.466213 -4.424233
v -25.522143 -5.466212 -4.374224
v -25.522143 -4.561934 -4.424233
v -25.522143 -4.561934 -4.374224
v -25.522143 -4.466213 -4.424233
v -25.522143 -4.466212 -4.374224
v -25.522143 -3.561934 -4.424233
v -25.522143 -3.561935 -4.374224
v -25.522143 -3.466213 -4.424233
v -25.522143 -3.466212 -4.374224
v -25.522143 -2.561934 -4.424233
v -25.522143 -2.561935 -4.374224
v -25.522143 -2.466213 -4.424233
v -25.522143 -2.466212 -4.374224
v -25.512617 -5.514073 -4.424400
v -25.512617 -5.514073 -4.374393
v -25.512617 -4.514073 -4.424400
v -25.512617 -4.514073 -4.374393
v -25.512617 -3.514073 -4.424400
v -25.512617 -3.514073 -4.374393
v -25.512617 -2.514073 -4.424400
v -25.512617 -2.514073 -4.374393
v -25.439742 -7.514073 -4.425000
v -25.439742 -7.514073 -4.375000
v -25.439742 -7.514073 4.375000
v -25.439742 -7.514073 4.425000
v -25.439742 7.485926 -4.425000
v -25.439742 7.485926 -4.375000
v -25.439742 7.485926 4.375000
v -25.439742 7.485926 4.425000
v -25.366867 -5.514073 4.374393
v -25.366867 -5.514073 4.424400
v -25.366867 -4.514073 4.374393
v -25.366867 -4.514073 4.424400
v -25.366867 -3.514073 4.374393
v -25.366867 -3.514073 4.424400
v -25.366867 -2.514073 4.374393
v -25.366867 -2.514073 4.424400
v -25.357341 -5.561934 4.374224
v -25.357341 -5.561934 4.424233
v -25.357341 -5.466212 4.374224
v -25.357341 -5.466213 4.424233
v -25.357341 -4.561934 4.374224
v -25.357341 -4.561934 4.424233
v -25.357341 -4.466212 4.374224
v -25.357341 -4.466213 4.424233
v -25.357341 -3.561935 4.374224
v -25.357341 -3.561934 4.424233
v -25.357341 -3.466212 4.374224
v -25.357341 -3.466213 4.424233
v -25.357341 -2.561935 4.374224
v -25.357341 -2.561934 4.424233
v -25.357341 -2.466212 4.374224
v -25.357341 -2.466213 4.424233
v -25.330221 -5.602496 4.373629
v -25.330221 -5.602495 4.423645
v -25.330221 -5.425650 4.373629
v -25.330221 -5.425651 4.423645
v -25.330221 -4.602496 4.373629
v -25.330221 -4.602495 4.423645
v -25.330221 -4.425650 4.373629
v -25.330221 -4.425651 4.423645
v -25.330221 -3.602496 4.373629
v -25.330221 -3.602495 4.423645
v -25.330221 -3.425650 4.373629
v -25.330221 -3.425651 4.423645
v -25.330221 -2.602496 4.373629
v -25.330221 -2.602495 4.423645
v -25.330221 -2.425650 4.373629
v -25.330221 -2.425651 4.423645
v -25.289644 -5.629582 4.422454
v -25.289644 -5.398564 4.422454
v -25.289645 -4.629582 4.422454
v -25.289644 -4.398564 4.422454
v -25.289644 -3.629582 4.422454
v -25.289644 -3.398564 4.422454
v -25.289644 -2.629582 4.422454
v -25.289644 -2.398564 4.422454
v -25.289643 -5.629583 4.372424
v -25.289643 -5.398564 4.372424
v -25.289643 -4.629583 4.372424
v -25.289643 -4.398564 4.372424
v -25.289643 -3.629583 4.372424
v -25.289643 -3.398564 4.372424
v -25.289643 -2.629583 4.372424
v -25.289643 -2.398564 4.372424
v -25.241815 -5.639073 4.370520
v -25.241816 -5.639073 4.420571
v -25.241815 -5.389073 4.370520
v -25.241816 -5.389073 4.420571
v -25.241815 -4.639073 4.370520
v -25.241816 -4.639073 4.420571
v -25.241815 -4.389073 4.370520
v -25.241816 -4.389073 4.420571
v -25.241815 -3.639073 4.370520
v -25.241816 -3.639073 4.420571
v -25.241815 -3.389073 4.370520
v -25.241816 -3.389073 4.420571
v -25.241815 -2.639073 4.370520
v -25.241816 -2.639073 4.420571
v -25.241815 -2.389073 4.370520
v -25.241816 -2.389073 4.420571
v -25.194010 -5.629549 4.368093
v -25.194010 -5.629550 4.418171
v -25.194010 -5.398597 4.368093
v -25.194010 -5.398597 4.418171
v -25.194008 -4.629549 4.368093
v -25.194009 -4.629549 4.418171
v -25.194010 -4.398597 4.368093
v -25.194010 -4.398597 4.418171
v -25.194010 -3.629549 4.368093
v -25.194010 -3.629549 4.418171
v -25.194010 -3.398597 4.368093
v -25.194010 -3.398597 4.418171
v -25.194010 -2.629549 4.368093
v -25.194010 -2.629549 4.418171
v -25.194010 -2.398597 4.368093
v -25.194010 -2.398597 4.418171
v -25.153484 -5.602467 4.365625
v -25.153484 -5.602467 4.415731
v -25.153484 -5.425680 4.365625
v -25.153484 -5.425680 4.415731
v -25.153484 -4.602467 4.365625
v -25.153483 -4.602467 4.415731
v -25.153484 -4.425680 4.365625
v -25.153484 -4.425680 4.415731
v -25.153484 -3.602467 4.365625
v -25.153484 -3.602467 4.415731
v -25.153484 -3.425680 4.365625
v -25.153484 -3.425680 4.415731
v -25.153484 -2.602467 4.365625
v -25.153484 -2.602467 4.415731
v -25.153484 -2.425680 4.365625
v -25.153484 -2.425680 4.415731
v -25.126389 -5.561925 4.363764
v -25.126389 -5.561925 4.413891
v -25.126389 -5.466221 4.363764
v -25.126389 -5.466222 4.413891
v -25.126388 -4.561924 4.363764
v -25.126388 -4.561924 4.413891
v -25.126389 -4.466221 4.363764
v -25.126389 -4.466222 4.413891
v -25.126389 -3.561925 4.363764
v -25.126389 -3.561925 4.413891
v -25.126389 -3.466221 4.363764
v -25.126389 -3.466221 4.413891
v -25.126389 -2.561925 4.363764
v -25.126389 -2.561925 4.413891
v -25.126389 -2.466221 4.363764
v -25.126389 -2.466221 4.413891
v -25.116867 -5.514073 4.363070
v -25.116867 -5.514073 4.413205
v -25.116867 -4.514073 4.363070
v -25.116867 -4.514073 4.413205
v -25.116867 -3.514073 4.363070
v -25.116867 -3.514073 4.413205
v -25.116867 -2.514073 4.363070
v -25.116867 -2.514073 4.413205
v -24.868690 -7.514073 -4.337571
v -24.868690 -7.514073 4.337571
v -24.868690 7.485926 -4.337571
v -24.868690 7.485926 4.337571
v -24.862164 -7.514073 -4.387144
v -24.862164 -7.514073 4.387144
v -24.862164 7.485926 -4.387144
v -24.862164 7.485926 4.387144
v -24.307409 -7.514073 -4.225925
v -24.307409 -7.514073 4.225925
v -24.307409 7.485926 -4.225925
v -24.307409 7.485926 4.225925
v -24.294468 -7.514073 -4.274222
v -24.294468 -7.514073 4.274222
v -24.294468 7.485926 -4.274222
v -24.294468 7.485926 4.274222
v -23.765502 -7.514073 -4.041973
v -23.765502 -7.514073 4.041973
v -23.765502 7.485926 -4.041973
v -23.765502 7.485926 4.041973
v -23.746368 -7.514073 -4.088167
v -23.746368 -7.514073 4.088167
v -23.746368 7.485926 -4.088167
v -23.746368 7.485926 4.088167
v -23.252242 -7.514073 -3.788861
v -23.252242 -7.514073 3.788861
v -23.252242 7.485926 -3.788861
v -23.252242 7.485926 3.788861
v -23.227242 -7.514073 -3.832162
v -23.227242 -7.514073 3.832162
v -23.227242 7.485926 -3.832162
v -23.227242 7.485926 3.832162
v -22.776411 -7.514073 -3.470921
v -22.776411 -7.514073 3.470921
v -22.776411 7.485926 -3.470921
v -22.776411 7.485926 3.470921
v -22.745973 -7.514073 -3.510589
v -22.745973 -7.514073 3.510589
v -22.745973 7.485926 -3.510589
v -22.745973 7.485926 3.510589
v -22.346150 -7.514073 -3.093592
v -22.346150 -7.514073 3.093592
v -22.346150 7.485926 -3.093592
v -22.346150 7.485926 3.093592
v -22.310795 -7.514073 -3.128947
v -22.310795 -7.514073 3.128947
v -22.310795 7.485926 -3.128947
v -22.310795 7.485926 3.128947
v -21.968821 -7.514073 -2.663331
v -21.968821 -7.514073 2.663331
v -21.968821 7.485926 -2.663331
v -21.968821 7.485926 2.663331
v -21.929153 -7.514073 -2.693769
v -21.929153 -7.514073 2.693769
v -21.929153 7.485926 -2.693769
v -21.929153 7.485926 2.693769
v -21.650881 -7.514073 -2.187500
v -21.650881 -7.514073 2.187500
v -21.650881 7.485926 -2.187500
v -21.650881 7.485926 2.187500
v -21.607580 -7.514073 -2.212500
v -21.607580 -7.514073 2.212500
v -21.607580 7.485926 -2.212500
v -21.607580 7.485926 2.212500
v -21.397769 -7.514073 -1.674240
v -21.397769 -7.514073 1.674240
v -21.397769 7.485926 -1.674240
v -21.397769 7.485926 1.674240
v -21.351575 -7.514073 -1.693374
v -21.351575 -7.514073 1.693374
v -21.351575 7.485926 -1.693374
v -21.351575 7.485926 1.693374
v -21.213817 -7.514073 -1.132333
v -21.213817 -7.514073 1.132333
v -21.213817 7.485926 -1.132333
v -21.213817 7.485926 1.132333
v -21.165520 -7.514073 -1.145274
v -21.165520 -7.514073 1.145274
v -21.165520 7.485926 -1.145274
v -21.165520 7.485926 1.145274
v -21.102171 -7.514073 -0.571052
v -21.102171 -7.514073 0.571052
v -21.102171 7.485926 -0.571052
v -21.102171 7.485926 0.571052
v -21.076672 -5.514073 -0.322875
v -21.076672 -4.514073 -0.322875
v -21.076672 -3.514073 -0.322875
v -21.076672 -2.514073 -0.322875
v -21.075978 -5.561925 -0.313353
v -21.075978 -5.466221 -0.313353
v -21.075978 -4.561924 -0.313354
v -21.075978 -4.466221 -0.313353
v -21.075978 -3.561925 -0.313353
v -21.075978 -3.466221 -0.313353
v -21.075978 -2.561925 -0.313353
v -21.075978 -2.466221 -0.313353
v -21.074117 -5.602467 -0.286258
v -21.074117 -5.425680 -0.286258
v -21.074117 -4.602467 -0.286258
v -21.074117 -4.425680 -0.286258
v -21.074117 -3.602467 -0.286258
v -21.074117 -3.425680 -0.286258
v -21.074117 -2.602467 -0.286258
v -21.074117 -2.425680 -0.286258
v -21.071649 -5.629549 -0.245732
v -21.071649 -5.398597 -0.245732
v -21.071649 -4.629549 -0.245733
v -21.071649 -4.398597 -0.245732
v -21.071649 -3.629549 -0.245732
v -21.071649 -3.398597 -0.245732
v -21.071649 -2.629549 -0.245732
v -21.071649 -2.398597 -0.245732
v -21.069222 -5.639073 -0.197927
v -21.069222 -5.389073 -0.197927
v -21.069222 -4.639073 -0.197927
v -21.069222 -4.389073 -0.197927
v -21.069222 -3.639073 -0.197927
v -21.069222 -3.389073 -0.197927
v -21.069222 -2.639073 -0.197927
v -21.069222 -2.389073 -0.197927
v -21.067318 -5.629583 -0.150099
v -21.067318 -5.398564 -0.150099
v -21.067318 -4.629583 -0.150099
v -21.067318 -4.398564 -0.150099
v -21.067318 -3.629583 -0.150099
v -21.067318 -3.398564 -0.150099
v -21.067318 -2.629583 -0.150099
v -21.067318 -2.398564 -0.150099
v -21.066113 -5.602496 -0.109521
v -21.066113 -5.425650 -0.109521
v -21.066113 -4.602496 -0.109521
v -21.066113 -4.425650 -0.109521
v -21.066113 -3.602496 -0.109521
v -21.066113 -3.425650 -0.109521
v -21.066113 -2.602496 -0.109521
v -21.066113 -2.425650 -0.109521
v -21.065518 -5.561934 -0.082401
v -21.065518 -5.466212 -0.082401
v -21.065518 -4.561934 -0.082401
v -21.065518 -4.466212 -0.082401
v -21.065518 -3.561935 -0.082401
v -21.065518 -3.466212 -0.082401
v -21.065518 -2.561935 -0.082401
v -21.065518 -2.466212 -0.082401
v -21.065349 -5.514073 -0.072875
v -21.065349 -4.514073 -0.072875
v -21.065349 -3.514073 -0.072875
v -21.065349 -2.514073 -0.072875
v -21.064742 -7.514073 0.000000
v -21.064742 7.485926 0.000000
v -21.052598 -7.514073 -0.577578
v -21.052598 -7.514073 0.577578
v -21.052598 7.485926 -0.577578
v -21.052598 7.485926 0.577578
v -21.026537 -5.514073 -0.322875
v -21.026537 -4.514073 -0.322875
v -21.026537 -3.514073 -0.322875
v -21.026537 -2.514073 -0.322875
v -21.025851 -5.561925 -0.313353
v -21.025851 -5.466222 -0.313353
v -21.025851 -4.561924 -0.313354
v -21.025851 -4.466222 -0.313353
v -21.025851 -3.561925 -0.313353
v -21.025851 -3.466221 -0.313353
v -21.025851 -2.561925 -0.313353
v -21.025851 -2.466221 -0.313353
v -21.024011 -5.602467 -0.286258
v -21.024011 -5.425680 -0.286258
v -21.024011 -4.602467 -0.286258
v -21.024011 -4.425680 -0.286258
v -21.024011 -3.602467 -0.286258
v -21.024011 -3.425680 -0.286258
v -21.024011 -2.602467 -0.286258
v -21.024011 -2.425680 -0.286258
v -21.021570 -5.629550 -0.245732
v -21.021570 -5.398597 -0.245732
v -21.021570 -4.629549 -0.245733
v -21.021570 -4.398597 -0.245732
v -21.021570 -3.629549 -0.245732
v -21.021570 -3.398597 -0.245732
v -21.021570 -2.629549 -0.245732
v -21.021570 -2.398597 -0.245732
v -21.019171 -5.639073 -0.197926
v -21.019171 -5.389073 -0.197926
v -21.019171 -4.639073 -0.197926
v -21.019171 -4.389073 -0.197926
v -21.019171 -3.639073 -0.197926
v -21.019171 -3.389073 -0.197926
v -21.019171 -2.639073 -0.197926
v -21.019171 -2.389073 -0.197926
v -21.017288 -5.629582 -0.150098
v -21.017288 -5.398564 -0.150098
v -21.017288 -4.629582 -0.150097
v -21.017288 -4.398564 -0.150098
v -21.017288 -3.629582 -0.150098
v -21.017288 -3.398564 -0.150098
v -21.017288 -2.629582 -0.150098
v -21.017288 -2.398564 -0.150098
v -21.016097 -5.602495 -0.109521
v -21.016097 -5.425651 -0.109521
v -21.016097 -4.602495 -0.109521
v -21.016097 -4.425651 -0.109521
v -21.016097 -3.602495 -0.109521
v -21.016097 -3.425651 -0.109521
v -21.016097 -2.602495 -0.109521
v -21.016097 -2.425651 -0.109521
v -21.015509 -5.561934 -0.082401
v -21.015509 -5.466213 -0.082401
v -21.015509 -4.561934 -0.082401
v -21.015509 -4.466213 -0.082401
v -21.015509 -3.561934 -0.082401
v -21.015509 -3.466213 -0.082401
v -21.015509 -2.561934 -0.082401
v -21.015509 -2.466213 -0.082401
v -21.015342 -5.514073 -0.072875
v -21.015342 -4.514073 -0.072875
v -21.015342 -3.514073 -0.072875
v -21.015342 -2.514073 -0.072875
v -21.014742 -7.514073 0.000000
v -21.014742 7.485926 0.000000
vt 11.082196 -0.498728 0.000000
vt 11.083960 -0.623456 0.000000
vt 11.088687 -0.748111 0.000000
vt 11.094957 -0.872714 0.000000
vt 11.101122 0.997588 0.000000
vt 11.105958 0.872937 0.000000
vt 11.109017 0.748216 0.000000
vt 11.110528 0.623481 0.000000
vt 11.110958 0.498728 0.000000
vt 11.110528 0.373975 0.000000
vt 11.109017 0.249240 0.000000
vt 11.105958 0.124519 0.000000
vt 11.101122 -0.000132 0.000000
vt 11.094957 -0.124741 0.000000
vt 11.088687 -0.249345 0.000000
vt 11.083960 -0.374000 0.000000
vt 11.209539 -0.498728 0.000000
vt 11.211284 -0.374001 0.000000
vt 11.215957 -0.249345 0.000000
vt 11.222157 -0.124740 0.000000
vt 11.228251 -0.000129 0.000000
vt 11.233031 0.124523 0.000000
vt 11.236057 0.249243 0.000000
vt 11.237551 0.373976 0.000000
vt 11.237975 0.498728 0.000000
vt 11.237551 0.623479 0.000000
vt 11.236057 0.748213 0.000000
vt 11.233031 0.872933 0.000000
vt 11.228251 -0.997326 0.000000
vt 11.222157 -0.872716 0.000000
vt 11.215957 -0.748110 0.000000
vt 11.211284 -0.623455 0.000000
vt 11.101122 -0.997323 0.000000
vt 11.101122 -0.997323 0.000000
vt 11.228251 0.997585 0.000000
vt 11.228251 0.997585 0.000000
vt 11.082196 -0.498728 0.000000
vt 11.083960 -0.623456 0.000000
vt 11.088687 -0.748111 0.000000
vt 11.094957 -0.872714 0.000000
vt 11.101122 0.997588 0.000000
vt 11.105958 0.872937 0.000000
vt 11.109017 0.748216 0.000000
vt 11.110528 0.623481 0.000000
vt 11.110958 0.498728 0.000000
vt 11.110528 0.373975 0.000000
vt 11.109017 0.249240 0.000000
vt 11.105958 0.124519 0.000000
vt 11.101122 -0.000132 0.000000
vt 11.094957 -0.124741 0.000000
vt 11.088687 -0.249345 0.000000
vt 11.083960 -0.374000 0.000000
vt 11.209539 -0.498728 0.000000
vt 11.211284 -0.374001 0.000000
vt 11.215957 -0.249345 0.000000
vt 11.222157 -0.124740 0.000000
vt 11.228251 -0.000129 0.000000
vt 11.233031 0.124523 0.000000
vt 11.236057 0.249243 0.000000
vt 11.237551 0.373976 0.000000
vt 11.237975 0.498728 0.000000
vt 11.237551 0.623479 0.000000
vt 11.236057 0.748213 0.000000
vt 11.233031 0.872933 0.000000
vt 11.228251 -0.997326 0.000000
vt 11.222157 -0.872716 0.000000
vt 11.215957 -0.748110 0.000000
vt 11.211284 -0.623455 0.000000
vt 11.101122 -0.997323 0.000000
vt 11.101122 -0.997323 0.000000
vt 11.228251 0.997585 0.000000
vt 11.228251 0.997585 0.000000
vt 11.082196 -0.498728 0.000000
vt 11.083960 -0.623456 0.000000
vt 11.088687 -0.748111 0.000000
vt 11.094957 -0.872714 0.000000
vt 11.101122 0.997588 0.000000
vt 11.105958 0.872937 0.000000
vt 11.109017 0.748216 0.000000
vt 11.110528 0.623481 0.000000
vt 11.110958 0.498728 0.000000
vt 11.110528 0.373975 0.000000
vt 11.109017 0.249240 0.000000
vt 11.105958 0.124519 0.000000
vt 11.101122 -0.000132 0.000000
vt 11.094957 -0.124741 0.000000
vt 11.088687 -0.249345 0.000000
vt 11.083960 -0.374000 0.000000
vt 11.209539 -0.498728 0.000000
vt 11.211284 -0.374001 0.000000
vt 11.215957 -0.249345 0.000000
vt 11.222157 -0.124740 0.000000
vt 11.228251 -0.000129 0.000000
vt 11.233031 0.124523 0.000000
vt 11.236057 0.249243 0.000000
vt 11.237551 0.373976 0.000000
vt 11.237975 0.498728 0.000000
vt 11.237551 0.623479 0.000000
vt 11.236057 0.748213 0.000000
vt 11.233031 0.872933 0.000000
vt 11.228251 -0.997326 0.000000
vt 11.222157 -0.872716 0.000000
vt 11.215957 -0.748110 0.000000
vt 11.211284 -0.623455 0.000000
vt 11.101122 -0.997323 0.000000
vt 11.101122 -0.997323 0.000000
vt 11.228251 0.997585 0.000000
vt 11.228251 0.997585 0.000000
vt 11.082196 -0.498728 0.000000
vt 11.083960 -0.623456 0.000000
vt 11.088687 -0.748111 0.000000
vt 11.094957 -0.872714 0.000000
vt 11.101122 0.997588 0.000000
vt 11.105958 0.872937 0.000000
vt 11.109017 0.748216 0.000000
vt 11.110528 0.623481 0.000000
vt 11.110958 0.498728 0.000000
vt 11.110528 0.373975 0.000000
vt 11.109017 0.249240 0.000000
vt 11.105958 0.124519 0.000000
vt 11.101122 -0.000132 0.000000
vt 11.094957 -0.124741 0.000000
vt 11.088687 -0.249345 0.000000
vt 11.083960 -0.374000 0.000000
vt 11.209539 -0.498728 0.000000
vt 11.211284 -0.374001 0.000000
vt 11.215957 -0.249345 0.000000
vt 11.222157 -0.124740 0.000000
vt 11.228251 -0.000129 0.000000
vt 11.233031 0.124523 0.000000
vt 11.236057 0.249243 0.000000
vt 11.237551 0.373976 0.000000
vt 11.237975 0.498728 0.000000
vt 11.237551 0.623479 0.000000
vt 11.236057 0.748213 0.000000
vt 11.233031 0.872933 0.000000
vt 11.228251 -0.997326 0.000000
vt 11.222157 -0.872716 0.000000
vt 11.215957 -0.748110 0.000000
vt 11.211284 -0.623455 0.000000
vt 11.101122 -0.997323 0.000000
vt 11.101122 -0.997323 0.000000
vt 11.228251 0.997585 0.000000
vt 11.228251 0.997585 0.000000
vt 11.082196 -0.498728 0.000000
vt 11.083960 -0.623456 0.000000
vt 11.088687 -0.748111 0.000000
vt 11.094957 -0.872714 0.000000
vt 11.101122 0.997588 0.000000
vt 11.105958 0.872937 0.000000
vt 11.109017 0.748216 0.000000
vt 11.110528 0.623481 0.000000
vt 11.110958 0.498728 0.000000
vt 11.110528 0.373975 0.000000
vt 11.109017 0.249240 0.000000
vt 11.105958 0.124519 0.000000
vt 11.101122 -0.000132 0.000000
vt 11.094957 -0.124741 0.000000
vt 11.088687 -0.249345 0.000000
vt 11.083960 -0.374000 0.000000
vt 11.209539 -0.498728 0.000000
vt 11.211284 -0.374001 0.000000
vt 11.215957 -0.249345 0.000000
vt 11.222157 -0.124740 0.000000
vt 11.228251 -0.000129 0.000000
vt 11.233031 0.124523 0.000000
vt 11.236057 0.249243 0.000000
vt 11.237551 0.373976 0.000000
vt 11.237975 0.498728 0.000000
vt 11.237551 0.623479 0.000000
vt 11.236057 0.748213 0.000000
vt 11.233031 0.872933 0.000000
vt 11.228251 -0.997326 0.000000
vt 11.222157 -0.872716 0.000000
vt 11.215957 -0.748110 0.000000
vt 11.211284 -0.623455 0.000000
vt 11.101122 -0.997323 0.000000
vt 11.101122 -0.997323 0.000000
vt 11.228251 0.997585 0.000000
vt 11.228251 0.997585 0.000000
vt 11.082196 -0.498728 0.000000
vt 11.083960 -0.623456 0.000000
vt 11.088687 -0.748111 0.000000
vt 11.094957 -0.872714 0.000000
vt 11.101122 0.997588 0.000000
vt 11.105958 0.872937 0.000000
vt 11.109017 0.748216 0.000000
vt 11.110528 0.623481 0.000000
vt 11.110958 0.498728 0.000000
vt 11.110528 0.373975 0.000000
vt 11.109017 0.249240 0.000000
vt 11.105958 0.124519 0.000000
vt 11.101122 -0.000132 0.000000
vt 11.094957 -0.124741 0.000000
vt 11.088687 -0.249345 0.000000
vt 11.083960 -0.374000 0.000000
vt 11.209539 -0.498728 0.000000
vt 11.211284 -0.374001 0.000000
vt 11.215957 -0.249345 0.000000
vt 11.222157 -0.124740 0.000000
vt 11.228251 -0.000129 0.000000
vt 11.233031 0.124523 0.000000
vt 11.236057 0.249243 0.000000
vt 11.237551 0.373976 0.000000
vt 11.237975 0.498728 0.000000
vt 11.237551 0.623479 0.000000
vt 11.236057 0.748213 0.000000
vt 11.233031 0.872933 0.000000
vt 11.228251 -0.997326 0.000000
vt 11.222157 -0.872716 0.000000
vt 11.215957 -0.748110 0.000000
vt 11.211284 -0.623455 0.000000
vt 11.101122 -0.997323 0.000000
vt 11.101122 -0.997323 0.000000
vt 11.228251 0.997585 0.000000
vt 11.228251 0.997585 0.000000
vt 11.082196 -0.498728 0.000000
vt 11.083960 -0.623452 0.000000
vt 11.088687 -0.748110 0.000000
vt 11.094957 -0.872711 0.000000
vt 11.101122 0.997588 0.000000
vt 11.105958 0.872936 0.000000
vt 11.109017 0.748216 0.000000
vt 11.110528 0.623480 0.000000
vt 11.110958 0.498728 0.000000
vt 11.110528 0.373975 0.000000
vt 11.109017 0.249240 0.000000
vt 11.105958 0.124519 0.000000
vt 11.101122 -0.000132 0.000000
vt 11.094957 -0.124741 0.000000
vt 11.088687 -0.249345 0.000000
vt 11.083960 -0.374000 0.000000
vt 11.209539 -0.498728 0.000000
vt 11.211284 -0.374001 0.000000
vt 11.215957 -0.249345 0.000000
vt 11.222157 -0.124740 0.000000
vt 11.228251 -0.000129 0.000000
vt 11.233031 0.124523 0.000000
vt 11.236057 0.249243 0.000000
vt 11.237551 0.373977 0.000000
vt 11.237975 0.498728 0.000000
vt 11.237551 0.623478 0.000000
vt 11.236057 0.748213 0.000000
vt 11.233031 0.872932 0.000000
vt 11.228251 -0.997326 0.000000
vt 11.222156 -0.872712 0.000000
vt 11.215957 -0.748110 0.000000
vt 11.211283 -0.623451 0.000000
vt 11.101122 -0.997323 0.000000
vt 11.101122 -0.997323 0.000000
vt 11.228251 0.997585 0.000000
vt 11.228251 0.997585 0.000000
vt 11.082196 -0.498728 0.000000
vt 11.083960 -0.623452 0.000000
vt 11.088687 -0.748110 0.000000
vt 11.094957 -0.872711 0.000000
vt 11.101122 0.997588 0.000000
vt 11.105958 0.872936 0.000000
vt 11.109017 0.748216 0.000000
vt 11.110528 0.623480 0.000000
vt 11.110958 0.498728 0.000000
vt 11.110528 0.373975 0.000000
vt 11.109017 0.249240 0.000000
vt 11.105958 0.124519 0.000000
vt 11.101122 -0.000132 0.000000
vt 11.094957 -0.124741 0.000000
vt 11.088687 -0.249345 0.000000
vt 11.083960 -0.374000 0.000000
vt 11.209539 -0.498728 0.000000
vt 11.211284 -0.374001 0.000000
vt 11.215957 -0.249345 0.000000
vt 11.222157 -0.124740 0.000000
vt 11.228251 -0.000129 0.000000
vt 11.233031 0.124523 0.000000
vt 11.236057 0.249243 0.000000
vt 11.237551 0.373977 0.000000
vt 11.237975 0.498728 0.000000
vt 11.237551 0.623478 0.000000
vt 11.236057 0.748213 0.000000
vt 11.233031 0.872932 0.000000
vt 11.228251 -0.997326 0.000000
vt 11.222156 -0.872712 0.000000
vt 11.215957 -0.748110 0.000000
vt 11.211283 -0.623451 0.000000
vt 11.101122 -0.997323 0.000000
vt 11.101122 -0.997323 0.000000
vt 11.228251 0.997585 0.000000
vt 11.228251 0.997585 0.000000
vt 11.082196 -0.498728 0.000000
vt 11.083960 -0.623452 0.000000
vt 11.088687 -0.748110 0.000000
vt 11.094957 -0.872711 0.000000
vt 11.101122 0.997588 0.000000
vt 11.105958 0.872936 0.000000
vt 11.109017 0.748216 0.000000
vt 11.110528 0.623480 0.000000
vt 11.110958 0.498728 0.000000
vt 11.110528 0.373975 0.000000
vt 11.109017 0.249240 0.000000
vt 11.105958 0.124519 0.000000
vt 11.101122 -0.000132 0.000000
vt 11.094957 -0.124741 0.000000
vt 11.088687 -0.249345 0.000000
vt 11.083960 -0.374000 0.000000
vt 11.209539 -0.498728 0.000000
vt 11.211284 -0.374001 0.000000
vt 11.215957 -0.249345 0.000000
vt 11.222157 -0.124740 0.000000
vt 11.228251 -0.000129 0.000000
vt 11.233031 0.124523 0.000000
vt 11.236057 0.249243 0.000000
vt 11.237551 0.373977 0.000000
vt 11.237975 0.498728 0.000000
vt 11.237551 0.623478 0.000000
vt 11.236057 0.748213 0.000000
vt 11.233031 0.872932 0.000000
vt 11.228251 -0.997326 0.000000
vt 11.222156 -0.872712 0.000000
vt 11.215957 -0.748110 0.000000
vt 11.211283 -0.623451 0.000000
vt 11.101122 -0.997323 0.000000
vt 11.101122 -0.997323 0.000000
vt 11.228251 0.997585 0.000000
vt 11.228251 0.997585 0.000000
vt 11.082196 -0.498728 0.000000
vt 11.083960 -0.623456 0.000000
vt 11.088687 -0.748111 0.000000
vt 11.094957 -0.872714 0.000000
vt 11.101122 0.997588 0.000000
vt 11.105958 0.872937 0.000000
vt 11.109017 0.748216 0.000000
vt 11.110528 0.623481 0.000000
vt 11.110958 0.498728 0.000000
vt 11.110528 0.373975 0.000000
vt 11.109017 0.249240 0.000000
vt 11.105958 0.124519 0.000000
vt 11.101122 -0.000132 0.000000
vt 11.094957 -0.124741 0.000000
vt 11.088687 -0.249345 0.000000
vt 11.083960 -0.374000 0.000000
vt 11.209539 -0.498728 0.000000
vt 11.211284 -0.374001 0.000000
vt 11.215957 -0.249345 0.000000
vt 11.222157 -0.124740 0.000000
vt 11.228251 -0.000129 0.000000
vt 11.233031 0.124523 0.000000
vt 11.236057 0.249243 0.000000
vt 11.237551 0.373976 0.000000
vt 11.237975 0.498728 0.000000
vt 11.237551 0.623479 0.000000
vt 11.236057 0.748213 0.000000
vt 11.233031 0.872933 0.000000
vt 11.228251 -0.997326 0.000000
vt 11.222157 -0.872716 0.000000
vt 11.215957 -0.748110 0.000000
vt 11.211284 -0.623455 0.000000
vt 11.101122 -0.997323 0.000000
vt 11.101122 -0.997323 0.000000
vt 11.228251 0.997585 0.000000
vt 11.228251 0.997585 0.000000
vt 11.082196 -0.498728 0.000000
vt 11.083960 -0.623456 0.000000
vt 11.088687 -0.748111 0.000000
vt 11.094957 -0.872714 0.000000
vt 11.101122 0.997588 0.000000
vt 11.105958 0.872937 0.000000
vt 11.109017 0.748216 0.000000
vt 11.110528 0.623481 0.000000
vt 11.110958 0.498728 0.000000
vt 11.110528 0.373975 0.000000
vt 11.109017 0.249240 0.000000
vt 11.105958 0.124519 0.000000
vt 11.101122 -0.000132 0.000000
vt 11.094957 -0.124741 0.000000
vt 11.088687 -0.249345 0.000000
vt 11.083960 -0.374000 0.000000
vt 11.209539 -0.498728 0.000000
vt 11.211284 -0.374001 0.000000
vt 11.215957 -0.249345 0.000000
vt 11.222157 -0.124740 0.000000
vt 11.228251 -0.000129 0.000000
vt 11.233031 0.124523 0.000000
vt 11.236057 0.249243 0.000000
vt 11.237551 0.373976 0.000000
vt 11.237975 0.498728 0.000000
vt 11.237551 0.623479 0.000000
vt 11.236057 0.748213 0.000000
vt 11.233031 0.872933 0.000000
vt 11.228251 -0.997326 0.000000
vt 11.222157 -0.872716 0.000000
vt 11.215957 -0.748110 0.000000
vt 11.211284 -0.623455 0.000000
vt 11.101122 -0.997323 0.000000
vt 11.101122 -0.997323 0.000000
vt 11.228251 0.997585 0.000000
vt 11.228251 0.997585 0.000000
vt 11.082196 -0.498728 0.000000
vt 11.083960 -0.623456 0.000000
vt 11.088687 -0.748111 0.000000
vt 11.094957 -0.872714 0.000000
vt 11.101122 0.997588 0.000000
vt 11.105958 0.872937 0.000000
vt 11.109017 0.748216 0.000000
vt 11.110528 0.623481 0.000000
vt 11.110958 0.498728 0.000000
vt 11.110528 0.373975 0.000000
vt 11.109017 0.249240 0.000000
vt 11.105958 0.124519 0.000000
vt 11.101122 -0.000132 0.000000
vt 11.094957 -0.124741 0.000000
vt 11.088687 -0.249345 0.000000
vt 11.083960 -0.374000 0.000000
vt 11.209539 -0.498728 0.000000
vt 11.211284 -0.374001 0.000000
vt 11.215957 -0.249345 0.000000
vt 11.222157 -0.124740 0.000000
vt 11.228251 -0.000129 0.000000
vt 11.233031 0.124523 0.000000
vt 11.236057 0.249243 0.000000
vt 11.237551 0.373976 0.000000
vt 11.237975 0.498728 0.000000
vt 11.237551 0.623479 0.000000
vt 11.236057 0.748213 0.000000
vt 11.233031 0.872933 0.000000
vt 11.228251 -0.997326 0.000000
vt 11.222157 -0.872716 0.000000
vt 11.215957 -0.748110 0.000000
vt 11.211284 -0.623455 0.000000
vt 11.101122 -0.997323 0.000000
vt 11.101122 -0.997323 0.000000
vt 11.228251 0.997585 0.000000
vt 11.228251 0.997585 0.000000
vt 11.082196 -0.498728 0.000000
vt 11.083960 -0.623456 0.000000
vt 11.088687 -0.748111 0.000000
vt 11.094957 -0.872714 0.000000
vt 11.101122 0.997588 0.000000
vt 11.105958 0.872937 0.000000
vt 11.109017 0.748216 0.000000
vt 11.110528 0.623481 0.000000
vt 11.110958 0.498728 0.000000
vt 11.110528 0.373975 0.000000
vt 11.109017 0.249240 0.000000
vt 11.105958 0.124519 0.000000
vt 11.101122 -0.000132 0.000000
vt 11.094957 -0.124741 0.000000
vt 11.088687 -0.249345 0.000000
vt 11.083960 -0.374000 0.000000
vt 11.209539 -0.498728 0.000000
vt 11.211284 -0.374001 0.000000
vt 11.215957 -0.249345 0.000000
vt 11.222157 -0.124740 0.000000
vt 11.228251 -0.000129 0.000000
vt 11.233031 0.124523 0.000000
vt 11.236057 0.249243 0.000000
vt 11.237551 0.373976 0.000000
vt 11.237975 0.498728 0.000000
vt 11.237551 0.623479 0.000000
vt 11.236057 0.748213 0.000000
vt 11.233031 0.872933 0.000000
vt 11.228251 -0.997326 0.000000
vt 11.222157 -0.872716 0.000000
vt 11.215957 -0.748110 0.000000
vt 11.211284 -0.623455 0.000000
vt 11.101122 -0.997323 0.000000
vt 11.101122 -0.997323 0.000000
vt 11.228251 0.997585 0.000000
vt 11.228251 0.997585 0.000000
vt 11.082196 -0.498728 0.000000
vt 11.083960 -0.623456 0.000000
vt 11.088687 -0.748111 0.000000
vt 11.094957 -0.872714 0.000000
vt 11.101122 0.997588 0.000000
vt 11.105958 0.872937 0.000000
vt 11.109017 0.748216 0.000000
vt 11.110528 0.623481 0.000000
vt 11.110958 0.498728 0.000000
vt 11.110528 0.373975 0.000000
vt 11.109017 0.249240 0.000000
vt 11.105958 0.124519 0.000000
vt 11.101122 -0.000132 0.000000
vt 11.094957 -0.124741 0.000000
vt 11.088687 -0.249345 0.000000
vt 11.083960 -0.374000 0.000000
vt 11.209539 -0.498728 0.000000
vt 11.211284 -0.374001 0.000000
vt 11.215957 -0.249345 0.000000
vt 11.222157 -0.124740 0.000000
vt 11.228251 -0.000129 0.000000
vt 11.233031 0.124523 0.000000
vt 11.236057 0.249243 0.000000
vt 11.237551 0.373976 0.000000
vt 11.237975 0.498728 0.000000
vt 11.237551 0.623479 0.000000
vt 11.236057 0.748213 0.000000
vt 11.233031 0.872933 0.000000
vt 11.228251 -0.997326 0.000000
vt 11.222157 -0.872716 0.000000
vt 11.215957 -0.748110 0.000000
vt 11.211284 -0.623455 0.000000
vt 11.101122 -0.997323 0.000000
vt 11.101122 -0.997323 0.000000
vt 11.228251 0.997585 0.000000
vt 11.228251 0.997585 0.000000
vt 11.082196 -0.498728 0.000000
vt 11.083960 -0.623452 0.000000
vt 11.088687 -0.748110 0.000000
vt 11.094957 -0.872711 0.000000
vt 11.101122 0.997588 0.000000
vt 11.105958 0.872936 0.000000
vt 11.109017 0.748216 0.000000
vt 11.110528 0.623480 0.000000
vt 11.110958 0.498728 0.000000
vt 11.110528 0.373975 0.000000
vt 11.109017 0.249240 0.000000
vt 11.105958 0.124519 0.000000
vt 11.101122 -0.000132 0.000000
vt 11.094957 -0.124741 0.000000
vt 11.088687 -0.249345 0.000000
vt 11.083960 -0.374000 0.000000
vt 11.209539 -0.498728 0.000000
vt 11.211284 -0.374001 0.000000
vt 11.215957 -0.249345 0.000000
vt 11.222157 -0.124740 0.000000
vt 11.228251 -0.000129 0.000000
vt 11.233031 0.124523 0.000000
vt 11.236057 0.249243 0.000000
vt 11.237551 0.373977 0.000000
vt 11.237975 0.498728 0.000000
vt 11.237551 0.623478 0.000000
vt 11.236057 0.748213 0.000000
vt 11.233031 0.872932 0.000000
vt 11.228251 -0.997326 0.000000
vt 11.222156 -0.872712 0.000000
vt 11.215957 -0.748110 0.000000
vt 11.211283 -0.623451 0.000000
vt 11.101122 -0.997323 0.000000
vt 11.101122 -0.997323 0.000000
vt 11.228251 0.997585 0.000000
vt 11.228251 0.997585 0.000000
vt 11.082196 -0.498728 0.000000
vt 11.083960 -0.623456 0.000000
vt 11.088687 -0.748111 0.000000
vt 11.094957 -0.872714 0.000000
vt 11.101122 0.997588 0.000000
vt 11.105958 0.872937 0.000000
vt 11.109017 0.748216 0.000000
vt 11.110528 0.623481 0.000000
vt 11.110958 0.498728 0.000000
vt 11.110528 0.373975 0.000000
vt 11.109017 0.249240 0.000000
vt 11.105958 0.124519 0.000000
vt 11.101122 -0.000132 0.000000
vt 11.094957 -0.124741 0.000000
vt 11.088687 -0.249345 0.000000
vt 11.083960 -0.374000 0.000000
vt 11.209539 -0.498728 0.000000
vt 11.211284 -0.374001 0.000000
vt 11.215957 -0.249345 0.000000
vt 11.222157 -0.124740 0.000000
vt 11.228251 -0.000129 0.000000
vt 11.233031 0.124523 0.000000
vt 11.236057 0.249243 0.000000
vt 11.237551 0.373976 0.000000
vt 11.237975 0.498728 0.000000
vt 11.237551 0.623479 0.000000
vt 11.236057 0.748213 0.000000
vt 11.233031 0.872933 0.000000
vt 11.228251 -0.997326 0.000000
vt 11.222157 -0.872716 0.000000
vt 11.215957 -0.748110 0.000000
vt 11.211284 -0.623455 0.000000
vt 11.101122 -0.997323 0.000000
vt 11.101122 -0.997323 0.000000
vt 11.228251 0.997585 0.000000
vt 11.228251 0.997585 0.000000
vt 12.700001 18.276323 0.000000
vt 12.821545 18.252073 0.000000
vt 12.924520 18.183090 0.000000
vt 12.993310 18.079964 0.000000
vt 13.017500 17.958382 0.000000
vt 12.993394 17.836800 0.000000
vt 12.924594 17.733686 0.000000
vt 12.821568 17.664785 0.000000
vt 12.700001 17.640587 0.000000
vt 12.578433 17.664785 0.000000
vt 12.475407 17.733686 0.000000
vt 12.406606 17.836800 0.000000
vt 12.382500 17.958382 0.000000
vt 12.406691 18.079964 0.000000
vt 12.475480 18.183090 0.000000
vt 12.578456 18.252073 0.000000
vt 12.700001 0.820849 0.000000
vt 12.821545 0.796599 0.000000
vt 12.924520 0.727616 0.000000
vt 12.993310 0.624488 0.000000
vt 13.017500 0.502907 0.000000
vt 12.993394 0.381326 0.000000
vt 12.924594 0.278213 0.000000
vt 12.821568 0.209311 0.000000
vt 12.700001 0.185112 0.000000
vt 12.578433 0.209311 0.000000
vt 12.475407 0.278213 0.000000
vt 12.406606 0.381326 0.000000
vt 12.382500 0.502907 0.000000
vt 12.406691 0.624488 0.000000
vt 12.475480 0.727616 0.000000
vt 12.578456 0.796599 0.000000
vt 12.700001 -16.634626 0.000000
vt 12.821545 -16.658875 0.000000
vt 12.924520 -16.727859 0.000000
vt 12.993310 -16.830986 0.000000
vt 13.017500 -16.952568 0.000000
vt 12.993394 -17.074148 0.000000
vt 12.924594 -17.177261 0.000000
vt 12.821568 -17.246164 0.000000
vt 12.700001 -17.270363 0.000000
vt 12.578433 -17.246164 0.000000
vt 12.475407 -17.177261 0.000000
vt 12.406606 -17.074148 0.000000
vt 12.382500 -16.952568 0.000000
vt 12.406691 -16.830986 0.000000
vt 12.475480 -16.727859 0.000000
vt 12.578456 -16.658875 0.000000
vt 10.160000 18.276323 0.000000
vt 10.281545 18.252073 0.000000
vt 10.384520 18.183090 0.000000
vt 10.453309 18.079964 0.000000
vt 10.477500 17.958382 0.000000
vt 10.453394 17.836800 0.000000
vt 10.384594 17.733686 0.000000
vt 10.281568 17.664785 0.000000
vt 10.160000 17.640587 0.000000
vt 10.038433 17.664785 0.000000
vt 9.935407 17.733686 0.000000
vt 9.866606 17.836800 0.000000
vt 9.842501 17.958382 0.000000
vt 9.866691 18.079964 0.000000
vt 9.935480 18.183090 0.000000
vt 10.038456 18.252073 0.000000
vt 10.160000 0.820849 0.000000
vt 10.281545 0.796599 0.000000
vt 10.384520 0.727616 0.000000
vt 10.453309 0.624488 0.000000
vt 10.477500 0.502907 0.000000
vt 10.453394 0.381326 0.000000
vt 10.384594 0.278213 0.000000
vt 10.281568 0.209311 0.000000
vt 10.160000 0.185112 0.000000
vt 10.038433 0.209311 0.000000
vt 9.935407 0.278213 0.000000
vt 9.866606 0.381326 0.000000
vt 9.842501 0.502907 0.000000
vt 9.866691 0.624488 0.000000
vt 9.935480 0.727616 0.000000
vt 10.038456 0.796599 0.000000
vt 10.160000 -16.634626 0.000000
vt 10.281545 -16.658875 0.000000
vt 10.384520 -16.727859 0.000000
vt 10.453309 -16.830986 0.000000
vt 10.477500 -16.952568 0.000000
vt 10.453394 -17.074148 0.000000
vt 10.384594 -17.177261 0.000000
vt 10.281568 -17.246164 0.000000
vt 10.160000 -17.270363 0.000000
vt 10.038433 -17.246164 0.000000
vt 9.935407 -17.177261 0.000000
vt 9.866606 -17.074148 0.000000
vt 9.842501 -16.952568 0.000000
vt 9.866691 -16.830986 0.000000
vt 9.935480 -16.727859 0.000000
vt 10.038456 -16.658875 0.000000
vt 7.620000 18.276323 0.000000
vt 7.741544 18.252073 0.000000
vt 7.844520 18.183090 0.000000
vt 7.913309 18.079964 0.000000
vt 7.937500 17.958382 0.000000
vt 7.913394 17.836800 0.000000
vt 7.844594 17.733686 0.000000
vt 7.741568 17.664785 0.000000
vt 7.620000 17.640587 0.000000
vt 7.498434 17.664785 0.000000
vt 7.395406 17.733686 0.000000
vt 7.326606 17.836800 0.000000
vt 7.302500 17.958382 0.000000
vt 7.326692 18.079966 0.000000
vt 7.395481 18.183090 0.000000
vt 7.498459 18.252075 0.000000
vt 7.620000 0.820849 0.000000
vt 7.741544 0.796599 0.000000
vt 7.844520 0.727616 0.000000
vt 7.913309 0.624488 0.000000
vt 7.937500 0.502907 0.000000
vt 7.913394 0.381326 0.000000
vt 7.844594 0.278213 0.000000
vt 7.741568 0.209311 0.000000
vt 7.620000 0.185112 0.000000
vt 7.498434 0.209310 0.000000
vt 7.395406 0.278213 0.000000
vt 7.326606 0.381326 0.000000
vt 7.302500 0.502907 0.000000
vt 7.326692 0.624492 0.000000
vt 7.395481 0.727616 0.000000
vt 7.498459 0.796601 0.000000
vt 7.620000 -16.634626 0.000000
vt 7.741544 -16.658875 0.000000
vt 7.844520 -16.727859 0.000000
vt 7.913309 -16.830986 0.000000
vt 7.937500 -16.952568 0.000000
vt 7.913394 -17.074148 0.000000
vt 7.844594 -17.177261 0.000000
vt 7.741568 -17.246164 0.000000
vt 7.620000 -17.270363 0.000000
vt 7.498434 -17.246164 0.000000
vt 7.395406 -17.177261 0.000000
vt 7.326606 -17.074148 0.000000
vt 7.302500 -16.952568 0.000000
vt 7.326692 -16.830982 0.000000
vt 7.395481 -16.727859 0.000000
vt 7.498459 -16.658873 0.000000
vt 5.080000 18.276323 0.000000
vt 5.201544 18.252073 0.000000
vt 5.304520 18.183090 0.000000
vt 5.373309 18.079964 0.000000
vt 5.397500 17.958382 0.000000
vt 5.373394 17.836800 0.000000
vt 5.304594 17.733686 0.000000
vt 5.201568 17.664785 0.000000
vt 5.080000 17.640587 0.000000
vt 4.958433 17.664785 0.000000
vt 4.855406 17.733686 0.000000
vt 4.786606 17.836800 0.000000
vt 4.762500 17.958382 0.000000
vt 4.786691 18.079964 0.000000
vt 4.855480 18.183090 0.000000
vt 4.958456 18.252073 0.000000
vt 5.080000 0.820849 0.000000
vt 5.201544 0.796599 0.000000
vt 5.304520 0.727616 0.000000
vt 5.373309 0.624488 0.000000
vt 5.397500 0.502907 0.000000
vt 5.373394 0.381326 0.000000
vt 5.304594 0.278213 0.000000
vt 5.201568 0.209311 0.000000
vt 5.080000 0.185112 0.000000
vt 4.958433 0.209311 0.000000
vt 4.855406 0.278213 0.000000
vt 4.786606 0.381326 0.000000
vt 4.762500 0.502907 0.000000
vt 4.786691 0.624488 0.000000
vt 4.855480 0.727616 0.000000
vt 4.958456 0.796599 0.000000
vt 5.080000 -16.634626 0.000000
vt 5.201544 -16.658875 0.000000
vt 5.304520 -16.727859 0.000000
vt 5.373309 -16.830986 0.000000
vt 5.397500 -16.952568 0.000000
vt 5.373394 -17.074148 0.000000
vt 5.304594 -17.177261 0.000000
vt 5.201568 -17.246164 0.000000
vt 5.080000 -17.270363 0.000000
vt 4.958433 -17.246164 0.000000
vt 4.855406 -17.177261 0.000000
vt 4.786606 -17.074148 0.000000
vt 4.762500 -16.952568 0.000000
vt 4.786691 -16.830986 0.000000
vt 4.855480 -16.727859 0.000000
vt 4.958456 -16.658875 0.000000
vt 12.700001 -34.090099 0.000000
vt 12.821545 -34.114349 0.000000
vt 12.924520 -34.183334 0.000000
vt 12.993310 -34.286461 0.000000
vt 13.017500 -34.408043 0.000000
vt 12.993394 -34.529625 0.000000
vt 12.924594 -34.632736 0.000000
vt 12.821568 -34.701637 0.000000
vt 12.700001 -34.725838 0.000000
vt 12.578433 -34.701637 0.000000
vt 12.475407 -34.632736 0.000000
vt 12.406606 -34.529625 0.000000
vt 12.382500 -34.408043 0.000000
vt 12.406691 -34.286461 0.000000
vt 12.475480 -34.183334 0.000000
vt 12.578456 -34.114349 0.000000
vt 10.160000 -34.090099 0.000000
vt 10.281545 -34.114349 0.000000
vt 10.384520 -34.183334 0.000000
vt 10.453309 -34.286461 0.000000
vt 10.477500 -34.408043 0.000000
vt 10.453394 -34.529625 0.000000
vt 10.384594 -34.632736 0.000000
vt 10.281568 -34.701637 0.000000
vt 10.160000 -34.725838 0.000000
vt 10.038433 -34.701637 0.000000
vt 9.935407 -34.632736 0.000000
vt 9.866606 -34.529625 0.000000
vt 9.842501 -34.408043 0.000000
vt 9.866691 -34.286461 0.000000
vt 9.935480 -34.183334 0.000000
vt 10.038456 -34.114349 0.000000
vt 7.620000 -34.090099 0.000000
vt 7.741544 -34.114349 0.000000
vt 7.844520 -34.183334 0.000000
vt 7.913309 -34.286461 0.000000
vt 7.937500 -34.408043 0.000000
vt 7.913394 -34.529625 0.000000
vt 7.844594 -34.632736 0.000000
vt 7.741568 -34.701637 0.000000
vt 7.620000 -34.725838 0.000000
vt 7.498434 -34.701637 0.000000
vt 7.395406 -34.632736 0.000000
vt 7.326606 -34.529625 0.000000
vt 7.302500 -34.408043 0.000000
vt 7.326692 -34.286457 0.000000
vt 7.395481 -34.183334 0.000000
vt 7.498459 -34.114349 0.000000
vt 5.080000 -34.090099 0.000000
vt 5.201544 -34.114349 0.000000
vt 5.304520 -34.183334 0.000000
vt 5.373309 -34.286461 0.000000
vt 5.397500 -34.408043 0.000000
vt 5.373394 -34.529625 0.000000
vt 5.304594 -34.632736 0.000000
vt 5.201568 -34.701637 0.000000
vt 5.080000 -34.725838 0.000000
vt 4.958433 -34.701637 0.000000
vt 4.855406 -34.632736 0.000000
vt 4.786606 -34.529625 0.000000
vt 4.762500 -34.408043 0.000000
vt 4.786691 -34.286461 0.000000
vt 4.855480 -34.183334 0.000000
vt 4.958456 -34.114349 0.000000
vt 38.100002 -34.910950 0.000000
vt 38.100002 -33.456326 0.000000
vt 38.100002 -32.001701 0.000000
vt 38.100002 -30.547079 0.000000
vt 38.100002 -29.092457 0.000000
vt 38.100002 -27.637835 0.000000
vt 38.100002 -26.183212 0.000000
vt 38.100002 -24.728590 0.000000
vt 38.100002 -23.273966 0.000000
vt 38.100002 -21.819344 0.000000
vt 38.100002 -20.364719 0.000000
vt 38.100002 -18.910097 0.000000
vt 38.100002 -17.455475 0.000000
vt 38.100002 -16.000851 0.000000
vt 38.100002 -14.546228 0.000000
vt 38.100002 -13.091606 0.000000
vt 38.100002 -11.636983 0.000000
vt 38.100002 -10.182360 0.000000
vt 38.100002 -8.727737 0.000000
vt 38.100002 -7.273114 0.000000
vt 38.100002 -5.818491 0.000000
vt 38.100002 -4.363869 0.000000
vt 38.100002 -2.909246 0.000000
vt 38.100002 -1.454623 0.000000
vt 38.100002 0.000000 0.000000
vt 38.100002 1.454623 0.000000
vt 38.100002 2.909246 0.000000
vt 38.100002 4.363869 0.000000
vt 38.100002 5.818491 0.000000
vt 38.100002 7.273114 0.000000
vt 38.100002 8.727737 0.000000
vt 38.100002 10.182360 0.000000
vt 38.100002 11.636983 0.000000
vt 38.100002 13.091606 0.000000
vt 38.100002 14.546228 0.000000
vt 38.100002 16.000851 0.000000
vt 38.100002 17.455475 0.000000
vt 38.100002 18.910097 0.000000
vt 38.100002 20.364719 0.000000
vt 38.100002 21.819344 0.000000
vt 38.100002 23.273966 0.000000
vt 38.100002 24.728590 0.000000
vt 38.100002 26.183212 0.000000
vt 38.100002 27.637835 0.000000
vt 38.100002 29.092457 0.000000
vt 38.100002 30.547079 0.000000
vt 38.100002 32.001701 0.000000
vt 38.100002 33.456326 0.000000
vt 0.000000 34.910950 0.000000
vt 0.000000 33.456326 0.000000
vt 0.000000 32.001701 0.000000
vt 0.000000 30.547079 0.000000
vt 0.000000 29.092457 0.000000
vt 0.000000 27.637835 0.000000
vt 0.000000 26.183212 0.000000
vt 0.000000 24.728590 0.000000
vt 0.000000 23.273966 0.000000
vt 0.000000 21.819344 0.000000
vt 0.000000 20.364719 0.000000
vt 0.000000 18.910097 0.000000
vt 0.000000 17.455475 0.000000
vt 0.000000 16.000851 0.000000
vt 0.000000 14.546228 0.000000
vt 0.000000 13.091606 0.000000
vt 0.000000 11.636983 0.000000
vt 0.000000 10.182360 0.000000
vt 0.000000 8.727737 0.000000
vt 0.000000 7.273114 0.000000
vt 0.000000 5.818491 0.000000
vt 0.000000 4.363869 0.000000
vt 0.000000 2.909246 0.000000
vt 0.000000 1.454623 0.000000
vt 0.000000 0.000000 0.000000
vt 0.000000 -1.454623 0.000000
vt 0.000000 -2.909246 0.000000
vt 0.000000 -4.363869 0.000000
vt 0.000000 -5.818491 0.000000
vt 0.000000 -7.273114 0.000000
vt 0.000000 -8.727737 0.000000
vt 0.000000 -10.182360 0.000000
vt 0.000000 -11.636983 0.000000
vt 0.000000 -13.091606 0.000000
vt 0.000000 -14.546228 0.000000
vt 0.000000 -16.000851 0.000000
vt 0.000000 -17.455475 0.000000
vt 0.000000 -18.910097 0.000000
vt 0.000000 -20.364719 0.000000
vt 0.000000 -21.819344 0.000000
vt 0.000000 -23.273966 0.000000
vt 0.000000 -24.728590 0.000000
vt 0.000000 -26.183212 0.000000
vt 0.000000 -27.637835 0.000000
vt 0.000000 -29.092457 0.000000
vt 0.000000 -30.547079 0.000000
vt 0.000000 -32.001701 0.000000
vt 0.000000 -33.456326 0.000000
vt 0.000000 -34.910950 0.000000
vt 0.000000 -34.910950 0.000000
vt 0.000000 -34.910950 0.000000
vt 0.000000 -34.910950 0.000000
vt 38.100002 34.910950 0.000000
vt 0.000000 -34.910950 0.000000
vt 0.000000 -34.910950 0.000000
vt 0.000000 -34.910950 0.000000
vt 0.000000 -34.910950 0.000000
vt 0.000000 -34.910950 0.000000
vt 0.000000 -34.910950 0.000000
vt 0.000000 -34.910950 0.000000
vt -12.700000 -16.834133 0.000000
vt -12.578457 -16.858381 0.000000
vt -12.475481 -16.927361 0.000000
vt -12.406690 -17.030485 0.000000
vt -12.382501 -17.152065 0.000000
vt -12.406607 -17.273643 0.000000
vt -12.475409 -17.376755 0.000000
vt -12.578434 -17.445656 0.000000
vt -12.700000 -17.469854 0.000000
vt -12.821566 -17.445656 0.000000
vt -12.924593 -17.376755 0.000000
vt -12.993393 -17.273643 0.000000
vt -13.017500 -17.152065 0.000000
vt -12.993310 -17.030485 0.000000
vt -12.924519 -16.927361 0.000000
vt -12.821544 -16.858381 0.000000
vt -12.700000 -34.489098 0.000000
vt -12.578457 -34.513348 0.000000
vt -12.475481 -34.582329 0.000000
vt -12.406690 -34.685452 0.000000
vt -12.382501 -34.807030 0.000000
vt -12.406607 -34.928608 0.000000
vt -12.475409 -35.031719 0.000000
vt -12.578434 -35.100620 0.000000
vt -12.700000 -35.124821 0.000000
vt -12.821566 -35.100620 0.000000
vt -12.924593 -35.031719 0.000000
vt -12.993393 -34.928608 0.000000
vt -13.017500 -34.807030 0.000000
vt -12.993310 -34.685452 0.000000
vt -12.924519 -34.582329 0.000000
vt -12.821544 -34.513348 0.000000
vt -12.700000 18.475798 0.000000
vt -12.578457 18.451550 0.000000
vt -12.475481 18.382570 0.000000
vt -12.406690 18.279446 0.000000
vt -12.382501 18.157866 0.000000
vt -12.406607 18.036287 0.000000
vt -12.475409 17.933176 0.000000
vt -12.578434 17.864275 0.000000
vt -12.700000 17.840076 0.000000
vt -12.821566 17.864275 0.000000
vt -12.924593 17.933176 0.000000
vt -12.993393 18.036287 0.000000
vt -13.017500 18.157866 0.000000
vt -12.993310 18.279446 0.000000
vt -12.924519 18.382570 0.000000
vt -12.821544 18.451550 0.000000
vt -10.160000 -16.834133 0.000000
vt -10.038457 -16.858381 0.000000
vt -9.935480 -16.927361 0.000000
vt -9.866691 -17.030485 0.000000
vt -9.842500 -17.152065 0.000000
vt -9.866607 -17.273643 0.000000
vt -9.935408 -17.376755 0.000000
vt -10.038434 -17.445656 0.000000
vt -10.160000 -17.469854 0.000000
vt -10.281567 -17.445656 0.000000
vt -10.384592 -17.376755 0.000000
vt -10.453393 -17.273643 0.000000
vt -10.477500 -17.152065 0.000000
vt -10.453309 -17.030485 0.000000
vt -10.384520 -16.927361 0.000000
vt -10.281544 -16.858381 0.000000
vt -10.160000 -34.489098 0.000000
vt -10.038457 -34.513348 0.000000
vt -9.935480 -34.582329 0.000000
vt -9.866691 -34.685452 0.000000
vt -9.842500 -34.807030 0.000000
vt -9.866607 -34.928608 0.000000
vt -9.935408 -35.031719 0.000000
vt -10.038434 -35.100620 0.000000
vt -10.160000 -35.124821 0.000000
vt -10.281567 -35.100620 0.000000
vt -10.384592 -35.031719 0.000000
vt -10.453393 -34.928608 0.000000
vt -10.477500 -34.807030 0.000000
vt -10.453309 -34.685452 0.000000
vt -10.384520 -34.582329 0.000000
vt -10.281544 -34.513348 0.000000
vt -10.160000 18.475798 0.000000
vt -10.038457 18.451550 0.000000
vt -9.935480 18.382570 0.000000
vt -9.866691 18.279446 0.000000
vt -9.842500 18.157866 0.000000
vt -9.866607 18.036287 0.000000
vt -9.935408 17.933176 0.000000
vt -10.038434 17.864275 0.000000
vt -10.160000 17.840076 0.000000
vt -10.281567 17.864275 0.000000
vt -10.384592 17.933176 0.000000
vt -10.453393 18.036287 0.000000
vt -10.477500 18.157866 0.000000
vt -10.453309 18.279446 0.000000
vt -10.384520 18.382570 0.000000
vt -10.281544 18.451550 0.000000
vt -7.620000 -16.834133 0.000000
vt -7.498460 -16.858379 0.000000
vt -7.395481 -16.927361 0.000000
vt -7.326692 -17.030481 0.000000
vt -7.302500 -17.152065 0.000000
vt -7.326608 -17.273645 0.000000
vt -7.395408 -17.376755 0.000000
vt -7.498435 -17.445656 0.000000
vt -7.620000 -17.469854 0.000000
vt -7.741566 -17.445656 0.000000
vt -7.844593 -17.376755 0.000000
vt -7.913393 -17.273643 0.000000
vt -7.937500 -17.152065 0.000000
vt -7.913310 -17.030485 0.000000
vt -7.844519 -16.927361 0.000000
vt -7.741544 -16.858381 0.000000
vt -7.620000 -34.489098 0.000000
vt -7.498460 -34.513348 0.000000
vt -7.395481 -34.582329 0.000000
vt -7.326692 -34.685448 0.000000
vt -7.302500 -34.807030 0.000000
vt -7.326608 -34.928608 0.000000
vt -7.395408 -35.031719 0.000000
vt -7.498435 -35.100620 0.000000
vt -7.620000 -35.124821 0.000000
vt -7.741566 -35.100620 0.000000
vt -7.844593 -35.031719 0.000000
vt -7.913393 -34.928608 0.000000
vt -7.937500 -34.807030 0.000000
vt -7.913310 -34.685452 0.000000
vt -7.844519 -34.582329 0.000000
vt -7.741544 -34.513348 0.000000
vt -7.620000 18.475798 0.000000
vt -7.498460 18.451551 0.000000
vt -7.395481 18.382570 0.000000
vt -7.326692 18.279448 0.000000
vt -7.302500 18.157866 0.000000
vt -7.326608 18.036287 0.000000
vt -7.395408 17.933176 0.000000
vt -7.498435 17.864275 0.000000
vt -7.620000 17.840076 0.000000
vt -7.741566 17.864275 0.000000
vt -7.844593 17.933176 0.000000
vt -7.913393 18.036287 0.000000
vt -7.937500 18.157866 0.000000
vt -7.913310 18.279446 0.000000
vt -7.844519 18.382570 0.000000
vt -7.741544 18.451550 0.000000
vt -5.080000 -16.834133 0.000000
vt -4.958457 -16.858381 0.000000
vt -4.855481 -16.927361 0.000000
vt -4.786691 -17.030485 0.000000
vt -4.762500 -17.152065 0.000000
vt -4.786607 -17.273643 0.000000
vt -4.855408 -17.376755 0.000000
vt -4.958434 -17.445656 0.000000
vt -5.080000 -17.469854 0.000000
vt -5.201566 -17.445656 0.000000
vt -5.304592 -17.376755 0.000000
vt -5.373393 -17.273643 0.000000
vt -5.397500 -17.152065 0.000000
vt -5.373310 -17.030485 0.000000
vt -5.304520 -16.927361 0.000000
vt -5.201543 -16.858381 0.000000
vt -5.080000 -34.489098 0.000000
vt -4.958457 -34.513348 0.000000
vt -4.855481 -34.582329 0.000000
vt -4.786691 -34.685452 0.000000
vt -4.762500 -34.807030 0.000000
vt -4.786607 -34.928608 0.000000
vt -4.855408 -35.031719 0.000000
vt -4.958434 -35.100620 0.000000
vt -5.080000 -35.124821 0.000000
vt -5.201566 -35.100620 0.000000
vt -5.304592 -35.031719 0.000000
vt -5.373393 -34.928608 0.000000
vt -5.397500 -34.807030 0.000000
vt -5.373310 -34.685452 0.000000
vt -5.304520 -34.582329 0.000000
vt -5.201543 -34.513348 0.000000
vt -5.080000 18.475798 0.000000
vt -4.958457 18.451550 0.000000
vt -4.855481 18.382570 0.000000
vt -4.786691 18.279446 0.000000
vt -4.762500 18.157866 0.000000
vt -4.786607 18.036287 0.000000
vt -4.855408 17.933176 0.000000
vt -4.958434 17.864275 0.000000
vt -5.080000 17.840076 0.000000
vt -5.201566 17.864275 0.000000
vt -5.304592 17.933176 0.000000
vt -5.373393 18.036287 0.000000
vt -5.397500 18.157866 0.000000
vt -5.373310 18.279446 0.000000
vt -5.304520 18.382570 0.000000
vt -5.201543 18.451550 0.000000
vt -12.700000 0.820832 0.000000
vt -12.578457 0.796584 0.000000
vt -12.475481 0.727604 0.000000
vt -12.406690 0.624480 0.000000
vt -12.382501 0.502900 0.000000
vt -12.406607 0.381321 0.000000
vt -12.475409 0.278211 0.000000
vt -12.578434 0.209310 0.000000
vt -12.700000 0.185111 0.000000
vt -12.821566 0.209310 0.000000
vt -12.924593 0.278211 0.000000
vt -12.993393 0.381321 0.000000
vt -13.017500 0.502900 0.000000
vt -12.993310 0.624480 0.000000
vt -12.924519 0.727604 0.000000
vt -12.821544 0.796584 0.000000
vt -10.160000 0.820832 0.000000
vt -10.038457 0.796584 0.000000
vt -9.935480 0.727604 0.000000
vt -9.866691 0.624480 0.000000
vt -9.842500 0.502900 0.000000
vt -9.866607 0.381321 0.000000
vt -9.935408 0.278211 0.000000
vt -10.038434 0.209310 0.000000
vt -10.160000 0.185111 0.000000
vt -10.281567 0.209310 0.000000
vt -10.384592 0.278211 0.000000
vt -10.453393 0.381321 0.000000
vt -10.477500 0.502900 0.000000
vt -10.453309 0.624480 0.000000
vt -10.384520 0.727604 0.000000
vt -10.281544 0.796584 0.000000
vt -7.620000 0.820832 0.000000
vt -7.498460 0.796586 0.000000
vt -7.395481 0.727605 0.000000
vt -7.326692 0.624483 0.000000
vt -7.302500 0.502900 0.000000
vt -7.326608 0.381321 0.000000
vt -7.395408 0.278211 0.000000
vt -7.498435 0.209310 0.000000
vt -7.620000 0.185111 0.000000
vt -7.741566 0.209310 0.000000
vt -7.844593 0.278211 0.000000
vt -7.913393 0.381321 0.000000
vt -7.937500 0.502900 0.000000
vt -7.913310 0.624480 0.000000
vt -7.844519 0.727604 0.000000
vt -7.741544 0.796584 0.000000
vt -5.080000 0.820832 0.000000
vt -4.958457 0.796584 0.000000
vt -4.855481 0.727604 0.000000
vt -4.786691 0.624480 0.000000
vt -4.762500 0.502900 0.000000
vt -4.786607 0.381321 0.000000
vt -4.855408 0.278211 0.000000
vt -4.958434 0.209310 0.000000
vt -5.080000 0.185111 0.000000
vt -5.201566 0.209310 0.000000
vt -5.304592 0.278211 0.000000
vt -5.373393 0.381321 0.000000
vt -5.397500 0.502900 0.000000
vt -5.373310 0.624480 0.000000
vt -5.304520 0.727604 0.000000
vt -5.201543 0.796584 0.000000
vt -38.100002 0.000000 0.000000
vt -38.100002 -1.471247 0.000000
vt -38.100002 -2.942494 0.000000
vt -38.100002 -4.413742 0.000000
vt -38.100002 -5.884989 0.000000
vt -38.100002 -7.356236 0.000000
vt -38.100002 -8.827483 0.000000
vt -38.100002 -10.298730 0.000000
vt -38.100002 -11.769978 0.000000
vt -38.100002 -13.241224 0.000000
vt -38.100002 -14.712471 0.000000
vt -38.100002 -16.183718 0.000000
vt -38.100002 -17.654966 0.000000
vt -38.100002 -19.126213 0.000000
vt -38.100002 -20.597460 0.000000
vt -38.100002 -22.068707 0.000000
vt -38.100002 -23.539955 0.000000
vt -38.100002 -25.011202 0.000000
vt -38.100002 -26.482449 0.000000
vt -38.100002 -27.953695 0.000000
vt -38.100002 -29.424942 0.000000
vt -38.100002 -30.896189 0.000000
vt -38.100002 -32.367435 0.000000
vt -38.100002 -33.838684 0.000000
vt -38.100002 35.309933 0.000000
vt -38.100002 33.838684 0.000000
vt -38.100002 32.367435 0.000000
vt -38.100002 30.896189 0.000000
vt -38.100002 29.424942 0.000000
vt -38.100002 27.953695 0.000000
vt -38.100002 26.482449 0.000000
vt -38.100002 25.011202 0.000000
vt -38.100002 23.539955 0.000000
vt -38.100002 22.068707 0.000000
vt -38.100002 20.597460 0.000000
vt -38.100002 19.126213 0.000000
vt -38.100002 17.654966 0.000000
vt -38.100002 16.183718 0.000000
vt -38.100002 14.712471 0.000000
vt -38.100002 13.241224 0.000000
vt -38.100002 11.769978 0.000000
vt -38.100002 10.298730 0.000000
vt -38.100002 8.827483 0.000000
vt -38.100002 7.356236 0.000000
vt -38.100002 5.884989 0.000000
vt -38.100002 4.413742 0.000000
vt -38.100002 2.942494 0.000000
vt -38.100002 1.471247 0.000000
vt -0.000000 0.000000 0.000000
vt -0.000000 1.471247 0.000000
vt -0.000000 2.942494 0.000000
vt -0.000000 4.413742 0.000000
vt -0.000000 5.884989 0.000000
vt -0.000000 7.356236 0.000000
vt -0.000000 8.827483 0.000000
vt -0.000000 10.298730 0.000000
vt -0.000000 11.769978 0.000000
vt -0.000000 13.241224 0.000000
vt -0.000000 14.712471 0.000000
vt -0.000000 16.183718 0.000000
vt -0.000000 17.654966 0.000000
vt -0.000000 19.126213 0.000000
vt -0.000000 20.597460 0.000000
vt -0.000000 22.068707 0.000000
vt -0.000000 23.539955 0.000000
vt -0.000000 25.011202 0.000000
vt -0.000000 26.482449 0.000000
vt -0.000000 27.953695 0.000000
vt -0.000000 29.424942 0.000000
vt -0.000000 30.896189 0.000000
vt -0.000000 32.367435 0.000000
vt -0.000000 33.838684 0.000000
vt -0.000000 -35.309933 0.000000
vt -0.000000 -33.838684 0.000000
vt -0.000000 -32.367435 0.000000
vt -0.000000 -30.896189 0.000000
vt -0.000000 -29.424942 0.000000
vt -0.000000 -27.953695 0.000000
vt -0.000000 -26.482449 0.000000
vt -0.000000 -25.011202 0.000000
vt -0.000000 -23.539955 0.000000
vt -0.000000 -22.068707 0.000000
vt -0.000000 -20.597460 0.000000
vt -0.000000 -19.126213 0.000000
vt -0.000000 -17.654966 0.000000
vt -0.000000 -16.183718 0.000000
vt -0.000000 -14.712471 0.000000
vt -0.000000 -13.241224 0.000000
vt -0.000000 -11.769978 0.000000
vt -0.000000 -10.298730 0.000000
vt -0.000000 -8.827483 0.000000
vt -0.000000 -7.356236 0.000000
vt -0.000000 -5.884989 0.000000
vt -0.000000 -4.413742 0.000000
vt -0.000000 -2.942494 0.000000
vt -0.000000 -1.471247 0.000000
vt -38.100002 -35.309933 0.000000
vt -38.100002 -35.309933 0.000000
vt -38.100002 -35.309933 0.000000
vt -38.100002 -35.309933 0.000000
vt -38.100002 -35.309933 0.000000
vt -38.100002 -35.309933 0.000000
vt -38.100002 -35.309933 0.000000
vt -38.100002 -35.309933 0.000000
vt -0.000000 35.309933 0.000000
vt 0.000000 -11.239500 0.000000
vt 1.467049 -11.143345 0.000000
vt 2.908997 -10.856524 0.000000
vt 4.301170 -10.383944 0.000000
vt 5.619750 -9.733692 0.000000
vt 6.842174 -8.916895 0.000000
vt 7.947526 -7.947526 0.000000
vt 8.916895 -6.842174 0.000000
vt 9.733692 -5.619750 0.000000
vt 10.383944 -4.301170 0.000000
vt 10.856524 -2.908997 0.000000
vt 11.143345 -1.467049 0.000000
vt 11.239500 0.000000 0.000000
vt 11.143345 1.467049 0.000000
vt 10.856524 2.908997 0.000000
vt 10.383944 4.301170 0.000000
vt 9.733692 5.619750 0.000000
vt 8.916895 6.842174 0.000000
vt 7.947526 7.947526 0.000000
vt 6.842174 8.916895 0.000000
vt 5.619750 9.733692 0.000000
vt 4.301170 10.383944 0.000000
vt 2.908997 10.856524 0.000000
vt 1.467049 11.143345 0.000000
vt 0.000000 11.239500 0.000000
vt -1.467049 11.143345 0.000000
vt -2.908997 10.856524 0.000000
vt -4.301170 10.383944 0.000000
vt -5.619750 9.733692 0.000000
vt -6.842174 8.916895 0.000000
vt -7.947526 7.947526 0.000000
vt -8.916895 6.842174 0.000000
vt -9.733692 5.619750 0.000000
vt -10.383944 4.301170 0.000000
vt -10.856524 2.908997 0.000000
vt -11.143345 1.467049 0.000000
vt -11.239500 0.000000 0.000000
vt -11.143345 -1.467049 0.000000
vt -10.856524 -2.908997 0.000000
vt -10.383944 -4.301170 0.000000
vt -9.733692 -5.619750 0.000000
vt -8.916895 -6.842174 0.000000
vt -7.947526 -7.947526 0.000000
vt -6.842174 -8.916895 0.000000
vt -5.619750 -9.733692 0.000000
vt -4.301170 -10.383944 0.000000
vt -2.908997 -10.856524 0.000000
vt -1.467049 -11.143345 0.000000
vt 0.000000 -11.112500 0.000000
vt -1.450472 -11.017431 0.000000
vt -2.876127 -10.733850 0.000000
vt -4.252570 -10.266611 0.000000
vt -5.556250 -9.623708 0.000000
vt -6.764862 -8.816139 0.000000
vt -7.857724 -7.857724 0.000000
vt -8.816139 -6.764862 0.000000
vt -9.623708 -5.556250 0.000000
vt -10.266611 -4.252570 0.000000
vt -10.733850 -2.876127 0.000000
vt -11.017431 -1.450472 0.000000
vt -11.112500 0.000000 0.000000
vt -11.017431 1.450472 0.000000
vt -10.733850 2.876127 0.000000
vt -10.266611 4.252570 0.000000
vt -9.623708 5.556250 0.000000
vt -8.816139 6.764862 0.000000
vt -7.857724 7.857724 0.000000
vt -6.764862 8.816139 0.000000
vt -5.556250 9.623708 0.000000
vt -4.252570 10.266611 0.000000
vt -2.876127 10.733850 0.000000
vt -1.450472 11.017431 0.000000
vt 0.000000 11.112500 0.000000
vt 1.450472 11.017431 0.000000
vt 2.876127 10.733850 0.000000
vt 4.252570 10.266611 0.000000
vt 5.556250 9.623708 0.000000
vt 6.764862 8.816139 0.000000
vt 7.857724 7.857724 0.000000
vt 8.816139 6.764862 0.000000
vt 9.623708 5.556250 0.000000
vt 10.266611 4.252570 0.000000
vt 10.733850 2.876127 0.000000
vt 11.017431 1.450472 0.000000
vt 11.112500 0.000000 0.000000
vt 11.017431 -1.450472 0.000000
vt 10.733850 -2.876127 0.000000
vt 10.266611 -4.252570 0.000000
vt 9.623708 -5.556250 0.000000
vt 8.816139 -6.764862 0.000000
vt 7.857724 -7.857724 0.000000
vt 6.764862 -8.816139 0.000000
vt 5.556250 -9.623708 0.000000
vt 4.252570 -10.266611 0.000000
vt 2.876127 -10.733850 0.000000
vt 1.450472 -11.017431 0.000000
vt -0.000000 -11.239500 0.000000
vt 1.467049 -11.143345 0.000000
vt 2.908997 -10.856524 0.000000
vt 4.301170 -10.383944 0.000000
vt 5.619750 -9.733692 0.000000
vt 6.842174 -8.916895 0.000000
vt 7.947526 -7.947526 0.000000
vt 8.916895 -6.842174 0.000000
vt 9.733692 -5.619750 0.000000
vt 10.383944 -4.301170 0.000000
vt 10.856524 -2.908997 0.000000
vt 11.143345 -1.467049 0.000000
vt 11.239500 0.000000 0.000000
vt 11.143345 1.467049 0.000000
vt 10.856524 2.908997 0.000000
vt 10.383944 4.301170 0.000000
vt 9.733692 5.619750 0.000000
vt 8.916895 6.842174 0.000000
vt 7.947526 7.947526 0.000000
vt 6.842174 8.916895 0.000000
vt 5.619750 9.733692 0.000000
vt 4.301170 10.383944 0.000000
vt 2.908997 10.856524 0.000000
vt 1.467049 11.143345 0.000000
vt -0.000000 11.239500 0.000000
vt -1.467049 11.143345 0.000000
vt -2.908997 10.856524 0.000000
vt -4.301170 10.383944 0.000000
vt -5.619750 9.733692 0.000000
vt -6.842174 8.916895 0.000000
vt -7.947526 7.947526 0.000000
vt -8.916895 6.842174 0.000000
vt -9.733692 5.619750 0.000000
vt -10.383944 4.301170 0.000000
vt -10.856524 2.908997 0.000000
vt -11.143345 1.467049 0.000000
vt -11.239500 0.000000 0.000000
vt -11.143345 -1.467049 0.000000
vt -10.856524 -2.908997 0.000000
vt -10.383944 -4.301170 0.000000
vt -9.733692 -5.619750 0.000000
vt -8.916895 -6.842174 0.000000
vt -7.947526 -7.947526 0.000000
vt -6.842174 -8.916895 0.000000
vt -5.619750 -9.733692 0.000000
vt -4.301170 -10.383944 0.000000
vt -2.908997 -10.856524 0.000000
vt -1.467049 -11.143345 0.000000
vt -0.000000 -11.112500 0.000000
vt -1.450472 -11.017431 0.000000
vt -2.876127 -10.733850 0.000000
vt -4.252570 -10.266611 0.000000
vt -5.556250 -9.623708 0.000000
vt -6.764862 -8.816139 0.000000
vt -7.857724 -7.857724 0.000000
vt -8.816139 -6.764862 0.000000
vt -9.623708 -5.556250 0.000000
vt -10.266611 -4.252570 0.000000
vt -10.733850 -2.876127 0.000000
vt -11.017431 -1.450472 0.000000
vt -11.112500 0.000000 0.000000
vt -11.017431 1.450472 0.000000
vt -10.733850 2.876127 0.000000
vt -10.266611 4.252570 0.000000
vt -9.623708 5.556250 0.000000
vt -8.816139 6.764862 0.000000
vt -7.857724 7.857724 0.000000
vt -6.764862 8.816139 0.000000
vt -5.556250 9.623708 0.000000
vt -4.252570 10.266611 0.000000
vt -2.876127 10.733850 0.000000
vt -1.450472 11.017431 0.000000
vt -0.000000 11.112500 0.000000
vt 1.450472 11.017431 0.000000
vt 2.876127 10.733850 0.000000
vt 4.252570 10.266611 0.000000
vt 5.556250 9.623708 0.000000
vt 6.764862 8.816139 0.000000
vt 7.857724 7.857724 0.000000
vt 8.816139 6.764862 0.000000
vt 9.623708 5.556250 0.000000
vt 10.266611 4.252570 0.000000
vt 10.733850 2.876127 0.000000
vt 11.017431 1.450472 0.000000
vt 11.112500 0.000000 0.000000
vt 11.017431 -1.450472 0.000000
vt 10.733850 -2.876127 0.000000
vt 10.266611 -4.252570 0.000000
vt 9.623708 -5.556250 0.000000
vt 8.816139 -6.764862 0.000000
vt 7.857724 -7.857724 0.000000
vt 6.764862 -8.816139 0.000000
vt 5.556250 -9.623708 0.000000
vt 4.252570 -10.266611 0.000000
vt 2.876127 -10.733850 0.000000
vt 1.450472 -11.017431 0.000000
vn 2.540000 -0.000000 -0.000000
vn 2.346514 0.972354 0.000000
vn 1.795944 1.796159 0.000000
vn 0.972455 2.346472 0.000000
vn 0.001059 2.540000 0.000000
vn -0.970812 2.347152 0.000000
vn -1.795350 1.796752 0.000000
vn -2.346437 0.972540 0.000000
vn -2.540000 0.000000 0.000000
vn -2.346437 -0.972540 -0.000000
vn -1.795350 -1.796752 -0.000000
vn -0.970812 -2.347152 -0.000000
vn 0.001059 -2.540000 -0.000000
vn 0.972455 -2.346472 -0.000000
vn 1.795944 -1.796159 -0.000000
vn 2.346514 -0.972354 -0.000000
vn 2.540000 -0.000000 -0.000000
vn 2.346517 -0.972346 -0.000000
vn 1.795946 -1.796156 -0.000000
vn 0.972445 -2.346476 -0.000000
vn 0.001035 -2.540000 -0.000000
vn -0.970839 -2.347141 -0.000000
vn -1.795366 -1.796736 -0.000000
vn -2.346442 -0.972529 -0.000000
vn -2.540000 0.000000 0.000000
vn -2.346442 0.972529 0.000000
vn -1.795366 1.796736 0.000000
vn -0.970839 2.347141 0.000000
vn 0.001035 2.540000 0.000000
vn 0.972445 2.346476 0.000000
vn 1.795946 1.796156 0.000000
vn 2.346517 0.972346 0.000000
vn 0.001059 2.540000 0.000000
vn 0.001059 2.540000 0.000000
vn 0.001035 2.540000 0.000000
vn 0.001035 2.540000 0.000000
vn 0.000000 -0.000000 2.540000
vn 0.000000 0.972354 2.346514
vn 0.000000 1.796159 1.795944
vn 0.000000 2.346472 0.972455
vn 0.000000 2.540000 0.001059
vn 0.000000 2.347152 -0.970812
vn 0.000000 1.796752 -1.795350
vn 0.000000 0.972540 -2.346437
vn -0.000000 0.000000 -2.540000
vn -0.000000 -0.972540 -2.346437
vn -0.000000 -1.796752 -1.795350
vn -0.000000 -2.347152 -0.970812
vn -0.000000 -2.540000 0.001059
vn -0.000000 -2.346472 0.972455
vn -0.000000 -1.796159 1.795944
vn -0.000000 -0.972354 2.346514
vn 0.000000 -0.000000 2.540000
vn -0.000000 -0.972346 2.346517
vn -0.000000 -1.796156 1.795946
vn -0.000000 -2.346476 0.972445
vn -0.000000 -2.540000 0.001035
vn -0.000000 -2.347141 -0.970839
vn -0.000000 -1.796736 -1.795366
vn -0.000000 -0.972529 -2.346442
vn -0.000000 0.000000 -2.540000
vn 0.000000 0.972529 -2.346442
vn 0.000000 1.796736 -1.795366
vn 0.000000 2.347141 -0.970839
vn 0.000000 2.540000 0.001035
vn 0.000000 2.346476 0.972445
vn 0.000000 1.796156 1.795946
vn 0.000000 0.972346 2.346517
vn 0.000000 2.540000 0.001059
vn 0.000000 2.540000 0.001059
vn 0.000000 2.540000 0.001035
vn 0.000000 2.540000 0.001035
vn -2.540000 0.000000 0.000000
vn -2.346514 0.972354 0.000000
vn -1.795944 1.796159 0.000000
vn -0.972455 2.346472 0.000000
vn -0.001059 2.540000 0.000000
vn 0.970812 2.347152 0.000000
vn 1.795350 1.796752 0.000000
vn 2.346437 0.972540 0.000000
vn 2.540000 -0.000000 -0.000000
vn 2.346437 -0.972540 -0.000000
vn 1.795350 -1.796752 -0.000000
vn 0.970812 -2.347152 -0.000000
vn -0.001059 -2.540000 -0.000000
vn -0.972455 -2.346472 -0.000000
vn -1.795944 -1.796159 -0.000000
vn -2.346514 -0.972354 -0.000000
vn -2.540000 0.000000 0.000000
vn -2.346517 -0.972346 -0.000000
vn -1.795946 -1.796156 -0.000000
vn -0.972445 -2.346476 -0.000000
vn -0.001035 -2.540000 -0.000000
vn 0.970839 -2.347141 -0.000000
vn 1.795366 -1.796736 -0.000000
vn 2.346442 -0.972529 -0.000000
vn 2.540000 -0.000000 -0.000000
vn 2.346442 0.972529 0.000000
vn 1.795366 1.796736 0.000000
vn 0.970839 2.347141 0.000000
vn -0.001035 2.540000 0.000000
vn -0.972445 2.346476 0.000000
vn -1.795946 1.796156 0.000000
vn -2.346517 0.972346 0.000000
vn -0.001059 2.540000 0.000000
vn -0.001059 2.540000 0.000000
vn -0.001035 2.540000 0.000000
vn -0.001035 2.540000 0.000000
vn 2.540000 -0.000000 -0.000000
vn 2.346514 0.972354 0.000000
vn 1.795944 1.796159 0.000000
vn 0.972455 2.346472 0.000000
vn 0.001059 2.540000 0.000000
vn -0.970812 2.347152 0.000000
vn -1.795350 1.796752 0.000000
vn -2.346437 0.972540 0.000000
vn -2.540000 0.000000 0.000000
vn -2.346437 -0.972540 -0.000000
vn -1.795350 -1.796752 -0.000000
vn -0.970812 -2.347152 -0.000000
vn 0.001059 -2.540000 -0.000000
vn 0.972455 -2.346472 -0.000000
vn 1.795944 -1.796159 -0.000000
vn 2.346514 -0.972354 -0.000000
vn 2.540000 -0.000000 -0.000000
vn 2.346517 -0.972346 -0.000000
vn 1.795946 -1.796156 -0.000000
vn 0.972445 -2.346476 -0.000000
vn 0.001035 -2.540000 -0.000000
vn -0.970839 -2.347141 -0.000000
vn -1.795366 -1.796736 -0.000000
vn -2.346442 -0.972529 -0.000000
vn -2.540000 0.000000 0.000000
vn -2.346442 0.972529 0.000000
vn -1.795366 1.796736 0.000000
vn -0.970839 2.347141 0.000000
vn 0.001035 2.540000 0.000000
vn 0.972445 2.346476 0.000000
vn 1.795946 1.796156 0.000000
vn 2.346517 0.972346 0.000000
vn 0.001059 2.540000 0.000000
vn 0.001059 2.540000 0.000000
vn 0.001035 2.540000 0.000000
vn 0.001035 2.540000 0.000000
vn 0.000000 -0.000000 2.540000
vn 0.000000 0.972354 2.346514
vn 0.000000 1.796159 1.795944
vn 0.000000 2.346472 0.972455
vn 0.000000 2.540000 0.001059
vn 0.000000 2.347152 -0.970812
vn 0.000000 1.796752 -1.795350
vn 0.000000 0.972540 -2.346437
vn -0.000000 0.000000 -2.540000
vn -0.000000 -0.972540 -2.346437
vn -0.000000 -1.796752 -1.795350
vn -0.000000 -2.347152 -0.970812
vn -0.000000 -2.540000 0.001059
vn -0.000000 -2.346472 0.972455
vn -0.000000 -1.796159 1.795944
vn -0.000000 -0.972354 2.346514
vn 0.000000 -0.000000 2.540000
vn -0.000000 -0.972346 2.346517
vn -0.000000 -1.796156 1.795946
vn -0.000000 -2.346476 0.972445
vn -0.000000 -2.540000 0.001035
vn -0.000000 -2.347141 -0.970839
vn -0.000000 -1.796736 -1.795366
vn -0.000000 -0.972529 -2.346442
vn -0.000000 0.000000 -2.540000
vn 0.000000 0.972529 -2.346442
vn 0.000000 1.796736 -1.795366
vn 0.000000 2.347141 -0.970839
vn 0.000000 2.540000 0.001035
vn 0.000000 2.346476 0.972445
vn 0.000000 1.796156 1.795946
vn 0.000000 0.972346 2.346517
vn 0.000000 2.540000 0.001059
vn 0.000000 2.540000 0.001059
vn 0.000000 2.540000 0.001035
vn 0.000000 2.540000 0.001035
vn -2.540000 0.000000 0.000000
vn -2.346514 0.972354 0.000000
vn -1.795944 1.796159 0.000000
vn -0.972455 2.346472 0.000000
vn -0.001059 2.540000 0.000000
vn 0.970812 2.347152 0.000000
vn 1.795350 1.796752 0.000000
vn 2.346437 0.972540 0.000000
vn 2.540000 -0.000000 -0.000000
vn 2.346437 -0.972540 -0.000000
vn 1.795350 -1.796752 -0.000000
vn 0.970812 -2.347152 -0.000000
vn -0.001059 -2.540000 -0.000000
vn -0.972455 -2.346472 -0.000000
vn -1.795944 -1.796159 -0.000000
vn -2.346514 -0.972354 -0.000000
vn -2.540000 0.000000 0.000000
vn -2.346517 -0.972346 -0.000000
vn -1.795946 -1.796156 -0.000000
vn -0.972445 -2.346476 -0.000000
vn -0.001035 -2.540000 -0.000000
vn 0.970839 -2.347141 -0.000000
vn 1.795366 -1.796736 -0.000000
vn 2.346442 -0.972529 -0.000000
vn 2.540000 -0.000000 -0.000000
vn 2.346442 0.972529 0.000000
vn 1.795366 1.796736 0.000000
vn 0.970839 2.347141 0.000000
vn -0.001035 2.540000 0.000000
vn -0.972445 2.346476 0.000000
vn -1.795946 1.796156 0.000000
vn -2.346517 0.972346 0.000000
vn -0.001059 2.540000 0.000000
vn -0.001059 2.540000 0.000000
vn -0.001035 2.540000 0.000000
vn -0.001035 2.540000 0.000000
vn 2.540000 -0.000000 -0.000000
vn 2.346524 0.972329 0.000000
vn 1.795946 1.796156 0.000000
vn 0.972480 2.346462 0.000000
vn 0.001059 2.540000 0.000000
vn -0.970817 2.347150 0.000000
vn -1.795351 1.796752 0.000000
vn -2.346439 0.972535 0.000000
vn -2.540000 0.000000 0.000000
vn -2.346437 -0.972540 -0.000000
vn -1.795350 -1.796752 -0.000000
vn -0.970812 -2.347152 -0.000000
vn 0.001059 -2.540000 -0.000000
vn 0.972455 -2.346472 -0.000000
vn 1.795944 -1.796159 -0.000000
vn 2.346514 -0.972354 -0.000000
vn 2.540000 -0.000000 -0.000000
vn 2.346517 -0.972346 -0.000000
vn 1.795946 -1.796156 -0.000000
vn 0.972445 -2.346476 -0.000000
vn 0.001035 -2.540000 -0.000000
vn -0.970839 -2.347141 -0.000000
vn -1.795366 -1.796736 -0.000000
vn -2.346442 -0.972529 -0.000000
vn -2.540000 0.000000 0.000000
vn -2.346444 0.972523 0.000000
vn -1.795366 1.796736 0.000000
vn -0.970844 2.347139 0.000000
vn 0.001035 2.540000 0.000000
vn 0.972470 2.346466 0.000000
vn 1.795948 1.796154 0.000000
vn 2.346527 0.972321 0.000000
vn 0.001059 2.540000 0.000000
vn 0.001059 2.540000 0.000000
vn 0.001035 2.540000 0.000000
vn 0.001035 2.540000 0.000000
vn 0.000000 -0.000000 2.540000
vn 0.000000 0.972329 2.346524
vn 0.000000 1.796156 1.795946
vn 0.000000 2.346462 0.972480
vn 0.000000 2.540000 0.001059
vn 0.000000 2.347150 -0.970817
vn 0.000000 1.796752 -1.795351
vn 0.000000 0.972535 -2.346439
vn -0.000000 0.000000 -2.540000
vn -0.000000 -0.972540 -2.346437
vn -0.000000 -1.796752 -1.795350
vn -0.000000 -2.347152 -0.970812
vn -0.000000 -2.540000 0.001059
vn -0.000000 -2.346472 0.972455
vn -0.000000 -1.796159 1.795944
vn -0.000000 -0.972354 2.346514
vn 0.000000 -0.000000 2.540000
vn -0.000000 -0.972346 2.346517
vn -0.000000 -1.796156 1.795946
vn -0.000000 -2.346476 0.972445
vn -0.000000 -2.540000 0.001035
vn -0.000000 -2.347141 -0.970839
vn -0.000000 -1.796736 -1.795366
vn -0.000000 -0.972529 -2.346442
vn -0.000000 0.000000 -2.540000
vn 0.000000 0.972523 -2.346444
vn 0.000000 1.796736 -1.795366
vn 0.000000 2.347139 -0.970844
vn 0.000000 2.540000 0.001035
vn 0.000000 2.346466 0.972470
vn 0.000000 1.796154 1.795948
vn 0.000000 0.972321 2.346527
vn 0.000000 2.540000 0.001059
vn 0.000000 2.540000 0.001059
vn 0.000000 2.540000 0.001035
vn 0.000000 2.540000 0.001035
vn -2.540000 0.000000 0.000000
vn -2.346524 0.972329 0.000000
vn -1.795946 1.796156 0.000000
vn -0.972480 2.346462 0.000000
vn -0.001059 2.540000 0.000000
vn 0.970817 2.347150 0.000000
vn 1.795351 1.796752 0.000000
vn 2.346439 0.972535 0.000000
vn 2.540000 -0.000000 -0.000000
vn 2.346437 -0.972540 -0.000000
vn 1.795350 -1.796752 -0.000000
vn 0.970812 -2.347152 -0.000000
vn -0.001059 -2.540000 -0.000000
vn -0.972455 -2.346472 -0.000000
vn -1.795944 -1.796159 -0.000000
vn -2.346514 -0.972354 -0.000000
vn -2.540000 0.000000 0.000000
vn -2.346517 -0.972346 -0.000000
vn -1.795946 -1.796156 -0.000000
vn -0.972445 -2.346476 -0.000000
vn -0.001035 -2.540000 -0.000000
vn 0.970839 -2.347141 -0.000000
vn 1.795366 -1.796736 -0.000000
vn 2.346442 -0.972529 -0.000000
vn 2.540000 -0.000000 -0.000000
vn 2.346444 0.972523 0.000000
vn 1.795366 1.796736 0.000000
vn 0.970844 2.347139 0.000000
vn -0.001035 2.540000 0.000000
vn -0.972470 2.346466 0.000000
vn -1.795948 1.796154 0.000000
vn -2.346527 0.972321 0.000000
vn -0.001059 2.540000 0.000000
vn -0.001059 2.540000 0.000000
vn -0.001035 2.540000 0.000000
vn -0.001035 2.540000 0.000000
vn 2.540000 -0.000000 -0.000000
vn 2.346514 0.972354 0.000000
vn 1.795944 1.796159 0.000000
vn 0.972455 2.346472 0.000000
vn 0.001059 2.540000 0.000000
vn -0.970812 2.347152 0.000000
vn -1.795350 1.796752 0.000000
vn -2.346437 0.972540 0.000000
vn -2.540000 0.000000 0.000000
vn -2.346437 -0.972540 -0.000000
vn -1.795350 -1.796752 -0.000000
vn -0.970812 -2.347152 -0.000000
vn 0.001059 -2.540000 -0.000000
vn 0.972455 -2.346472 -0.000000
vn 1.795944 -1.796159 -0.000000
vn 2.346514 -0.972354 -0.000000
vn 2.540000 -0.000000 -0.000000
vn 2.346517 -0.972346 -0.000000
vn 1.795946 -1.796156 -0.000000
vn 0.972445 -2.346476 -0.000000
vn 0.001035 -2.540000 -0.000000
vn -0.970839 -2.347141 -0.000000
vn -1.795366 -1.796736 -0.000000
vn -2.346442 -0.972529 -0.000000
vn -2.540000 0.000000 0.000000
vn -2.346442 0.972529 0.000000
vn -1.795366 1.796736 0.000000
vn -0.970839 2.347141 0.000000
vn 0.001035 2.540000 0.000000
vn 0.972445 2.346476 0.000000
vn 1.795946 1.796156 0.000000
vn 2.346517 0.972346 0.000000
vn 0.001059 2.540000 0.000000
vn 0.001059 2.540000 0.000000
vn 0.001035 2.540000 0.000000
vn 0.001035 2.540000 0.000000
vn 0.000000 -0.000000 2.540000
vn 0.000000 0.972354 2.346514
vn 0.000000 1.796159 1.795944
vn 0.000000 2.346472 0.972455
vn 0.000000 2.540000 0.001059
vn 0.000000 2.347152 -0.970812
vn 0.000000 1.796752 -1.795350
vn 0.000000 0.972540 -2.346437
vn -0.000000 0.000000 -2.540000
vn -0.000000 -0.972540 -2.346437
vn -0.000000 -1.796752 -1.795350
vn -0.000000 -2.347152 -0.970812
vn -0.000000 -2.540000 0.001059
vn -0.000000 -2.346472 0.972455
vn -0.000000 -1.796159 1.795944
vn -0.000000 -0.972354 2.346514
vn 0.000000 -0.000000 2.540000
vn -0.000000 -0.972346 2.346517
vn -0.000000 -1.796156 1.795946
vn -0.000000 -2.346476 0.972445
vn -0.000000 -2.540000 0.001035
vn -0.000000 -2.347141 -0.970839
vn -0.000000 -1.796736 -1.795366
vn -0.000000 -0.972529 -2.346442
vn -0.000000 0.000000 -2.540000
vn 0.000000 0.972529 -2.346442
vn 0.000000 1.796736 -1.795366
vn 0.000000 2.347141 -0.970839
vn 0.000000 2.540000 0.001035
vn 0.000000 2.346476 0.972445
vn 0.000000 1.796156 1.795946
vn 0.000000 0.972346 2.346517
vn 0.000000 2.540000 0.001059
vn 0.000000 2.540000 0.001059
vn 0.000000 2.540000 0.001035
vn 0.000000 2.540000 0.001035
vn -2.540000 0.000000 0.000000
vn -2.346514 0.972354 0.000000
vn -1.795944 1.796159 0.000000
vn -0.972455 2.346472 0.000000
vn -0.001059 2.540000 0.000000
vn 0.970812 2.347152 0.000000
vn 1.795350 1.796752 0.000000
vn 2.346437 0.972540 0.000000
vn 2.540000 -0.000000 -0.000000
vn 2.346437 -0.972540 -0.000000
vn 1.795350 -1.796752 -0.000000
vn 0.970812 -2.347152 -0.000000
vn -0.001059 -2.540000 -0.000000
vn -0.972455 -2.346472 -0.000000
vn -1.795944 -1.796159 -0.000000
vn -2.346514 -0.972354 -0.000000
vn -2.540000 0.000000 0.000000
vn -2.346517 -0.972346 -0.000000
vn -1.795946 -1.796156 -0.000000
vn -0.972445 -2.346476 -0.000000
vn -0.001035 -2.540000 -0.000000
vn 0.970839 -2.347141 -0.000000
vn 1.795366 -1.796736 -0.000000
vn 2.346442 -0.972529 -0.000000
vn 2.540000 -0.000000 -0.000000
vn 2.346442 0.972529 0.000000
vn 1.795366 1.796736 0.000000
vn 0.970839 2.347141 0.000000
vn -0.001035 2.540000 0.000000
vn -0.972445 2.346476 0.000000
vn -1.795946 1.796156 0.000000
vn -2.346517 0.972346 0.000000
vn -0.001059 2.540000 0.000000
vn -0.001059 2.540000 0.000000
vn -0.001035 2.540000 0.000000
vn -0.001035 2.540000 0.000000
vn -0.000000 0.000000 -2.540000
vn 0.000000 0.972354 -2.346514
vn 0.000000 1.796159 -1.795944
vn 0.000000 2.346472 -0.972455
vn 0.000000 2.540000 -0.001059
vn 0.000000 2.347152 0.970812
vn 0.000000 1.796752 1.795350
vn 0.000000 0.972540 2.346437
vn 0.000000 -0.000000 2.540000
vn -0.000000 -0.972540 2.346437
vn -0.000000 -1.796752 1.795350
vn -0.000000 -2.347152 0.970812
vn -0.000000 -2.540000 -0.001059
vn -0.000000 -2.346472 -0.972455
vn -0.000000 -1.796159 -1.795944
vn -0.000000 -0.972354 -2.346514
vn -0.000000 0.000000 -2.540000
vn -0.000000 -0.972346 -2.346517
vn -0.000000 -1.796156 -1.795946
vn -0.000000 -2.346476 -0.972445
vn -0.000000 -2.540000 -0.001035
vn -0.000000 -2.347141 0.970839
vn -0.000000 -1.796736 1.795366
vn -0.000000 -0.972529 2.346442
vn 0.000000 -0.000000 2.540000
vn 0.000000 0.972529 2.346442
vn 0.000000 1.796736 1.795366
vn 0.000000 2.347141 0.970839
vn 0.000000 2.540000 -0.001035
vn 0.000000 2.346476 -0.972445
vn 0.000000 1.796156 -1.795946
vn 0.000000 0.972346 -2.346517
vn 0.000000 2.540000 -0.001059
vn 0.000000 2.540000 -0.001059
vn 0.000000 2.540000 -0.001035
vn 0.000000 2.540000 -0.001035
vn -0.000000 0.000000 -2.540000
vn 0.000000 0.972354 -2.346514
vn 0.000000 1.796159 -1.795944
vn 0.000000 2.346472 -0.972455
vn 0.000000 2.540000 -0.001059
vn 0.000000 2.347152 0.970812
vn 0.000000 1.796752 1.795350
vn 0.000000 0.972540 2.346437
vn 0.000000 -0.000000 2.540000
vn -0.000000 -0.972540 2.346437
vn -0.000000 -1.796752 1.795350
vn -0.000000 -2.347152 0.970812
vn -0.000000 -2.540000 -0.001059
vn -0.000000 -2.346472 -0.972455
vn -0.000000 -1.796159 -1.795944
vn -0.000000 -0.972354 -2.346514
vn -0.000000 0.000000 -2.540000
vn -0.000000 -0.972346 -2.346517
vn -0.000000 -1.796156 -1.795946
vn -0.000000 -2.346476 -0.972445
vn -0.000000 -2.540000 -0.001035
vn -0.000000 -2.347141 0.970839
vn -0.000000 -1.796736 1.795366
vn -0.000000 -0.972529 2.346442
vn 0.000000 -0.000000 2.540000
vn 0.000000 0.972529 2.346442
vn 0.000000 1.796736 1.795366
vn 0.000000 2.347141 0.970839
vn 0.000000 2.540000 -0.001035
vn 0.000000 2.346476 -0.972445
vn 0.000000 1.796156 -1.795946
vn 0.000000 0.972346 -2.346517
vn 0.000000 2.540000 -0.001059
vn 0.000000 2.540000 -0.001059
vn 0.000000 2.540000 -0.001035
vn 0.000000 2.540000 -0.001035
vn -0.000000 0.000000 -2.540000
vn 0.000000 0.972329 -2.346524
vn 0.000000 1.796156 -1.795946
vn 0.000000 2.346462 -0.972480
vn 0.000000 2.540000 -0.001059
vn 0.000000 2.347150 0.970817
vn 0.000000 1.796752 1.795351
vn 0.000000 0.972535 2.346439
vn 0.000000 -0.000000 2.540000
vn -0.000000 -0.972540 2.346437
vn -0.000000 -1.796752 1.795350
vn -0.000000 -2.347152 0.970812
vn -0.000000 -2.540000 -0.001059
vn -0.000000 -2.346472 -0.972455
vn -0.000000 -1.796159 -1.795944
vn -0.000000 -0.972354 -2.346514
vn -0.000000 0.000000 -2.540000
vn -0.000000 -0.972346 -2.346517
vn -0.000000 -1.796156 -1.795946
vn -0.000000 -2.346476 -0.972445
vn -0.000000 -2.540000 -0.001035
vn -0.000000 -2.347141 0.970839
vn -0.000000 -1.796736 1.795366
vn -0.000000 -0.972529 2.346442
vn 0.000000 -0.000000 2.540000
vn 0.000000 0.972523 2.346444
vn 0.000000 1.796736 1.795366
vn 0.000000 2.347139 0.970844
vn 0.000000 2.540000 -0.001035
vn 0.000000 2.346466 -0.972470
vn 0.000000 1.796154 -1.795948
vn 0.000000 0.972321 -2.346527
vn 0.000000 2.540000 -0.001059
vn 0.000000 2.540000 -0.001059
vn 0.000000 2.540000 -0.001035
vn 0.000000 2.540000 -0.001035
vn -0.000000 0.000000 -2.540000
vn 0.000000 0.972354 -2.346514
vn 0.000000 1.796159 -1.795944
vn 0.000000 2.346472 -0.972455
vn 0.000000 2.540000 -0.001059
vn 0.000000 2.347152 0.970812
vn 0.000000 1.796752 1.795350
vn 0.000000 0.972540 2.346437
vn 0.000000 -0.000000 2.540000
vn -0.000000 -0.972540 2.346437
vn -0.000000 -1.796752 1.795350
vn -0.000000 -2.347152 0.970812
vn -0.000000 -2.540000 -0.001059
vn -0.000000 -2.346472 -0.972455
vn -0.000000 -1.796159 -1.795944
vn -0.000000 -0.972354 -2.346514
vn -0.000000 0.000000 -2.540000
vn -0.000000 -0.972346 -2.346517
vn -0.000000 -1.796156 -1.795946
vn -0.000000 -2.346476 -0.972445
vn -0.000000 -2.540000 -0.001035
vn -0.000000 -2.347141 0.970839
vn -0.000000 -1.796736 1.795366
vn -0.000000 -0.972529 2.346442
vn 0.000000 -0.000000 2.540000
vn 0.000000 0.972529 2.346442
vn 0.000000 1.796736 1.795366
vn 0.000000 2.347141 0.970839
vn 0.000000 2.540000 -0.001035
vn 0.000000 2.346476 -0.972445
vn 0.000000 1.796156 -1.795946
vn 0.000000 0.972346 -2.346517
vn 0.000000 2.540000 -0.001059
vn 0.000000 2.540000 -0.001059
vn 0.000000 2.540000 -0.001035
vn 0.000000 2.540000 -0.001035
vn 0.187452 -0.000000 2.533074
vn 0.181924 -0.000000 2.533477
vn 0.166193 -0.000000 2.534557
vn 0.142665 -0.000000 2.535990
vn 0.114911 -0.000000 2.537399
vn 0.087143 -0.000000 2.538505
vn 0.063585 -0.000000 2.539204
vn 0.047840 -0.000000 2.539549
vn 0.042309 -0.000000 2.539648
vn 0.047840 -0.000000 2.539549
vn 0.063585 -0.000000 2.539204
vn 0.087143 -0.000000 2.538505
vn 0.114911 -0.000000 2.537399
vn 0.142665 -0.000000 2.535990
vn 0.166193 -0.000000 2.534557
vn 0.181924 -0.000000 2.533477
vn -2.533074 0.000000 0.187452
vn -2.533477 0.000000 0.181924
vn -2.534557 0.000000 0.166193
vn -2.535990 0.000000 0.142665
vn -2.537399 0.000000 0.114911
vn -2.538505 0.000000 0.087143
vn -2.539204 0.000000 0.063585
vn -2.539549 0.000000 0.047840
vn -2.539648 0.000000 0.042309
vn -2.539549 0.000000 0.047840
vn -2.539204 0.000000 0.063585
vn -2.538505 0.000000 0.087143
vn -2.537399 0.000000 0.114911
vn -2.535990 0.000000 0.142665
vn -2.534557 0.000000 0.166193
vn -2.533477 0.000000 0.181924
vn -0.187452 0.000000 -2.533074
vn -0.181924 0.000000 -2.533477
vn -0.166193 0.000000 -2.534557
vn -0.142665 0.000000 -2.535990
vn -0.114911 0.000000 -2.537399
vn -0.087143 0.000000 -2.538505
vn -0.063585 0.000000 -2.539204
vn -0.047840 0.000000 -2.539549
vn -0.042309 0.000000 -2.539648
vn -0.047840 0.000000 -2.539549
vn -0.063585 0.000000 -2.539204
vn -0.087143 0.000000 -2.538505
vn -0.114911 0.000000 -2.537399
vn -0.142665 0.000000 -2.535990
vn -0.166193 0.000000 -2.534557
vn -0.181924 0.000000 -2.533477
vn 0.187452 -0.000000 2.533074
vn 0.181924 -0.000000 2.533477
vn 0.166193 -0.000000 2.534557
vn 0.142665 -0.000000 2.535990
vn 0.114911 -0.000000 2.537399
vn 0.087143 -0.000000 2.538505
vn 0.063585 -0.000000 2.539204
vn 0.047840 -0.000000 2.539549
vn 0.042309 -0.000000 2.539648
vn 0.047840 -0.000000 2.539549
vn 0.063585 -0.000000 2.539204
vn 0.087143 -0.000000 2.538505
vn 0.114911 -0.000000 2.537399
vn 0.142665 -0.000000 2.535990
vn 0.166193 -0.000000 2.534557
vn 0.181924 -0.000000 2.533477
vn -2.533074 0.000000 0.187452
vn -2.533477 0.000000 0.181924
vn -2.534557 0.000000 0.166193
vn -2.535990 0.000000 0.142665
vn -2.537399 0.000000 0.114911
vn -2.538505 0.000000 0.087143
vn -2.539204 0.000000 0.063585
vn -2.539549 0.000000 0.047840
vn -2.539648 0.000000 0.042309
vn -2.539549 0.000000 0.047840
vn -2.539204 0.000000 0.063585
vn -2.538505 0.000000 0.087143
vn -2.537399 0.000000 0.114911
vn -2.535990 0.000000 0.142665
vn -2.534557 0.000000 0.166193
vn -2.533477 0.000000 0.181924
vn -0.187452 0.000000 -2.533074
vn -0.181924 0.000000 -2.533477
vn -0.166193 0.000000 -2.534557
vn -0.142665 0.000000 -2.535990
vn -0.114911 0.000000 -2.537399
vn -0.087143 0.000000 -2.538505
vn -0.063585 0.000000 -2.539204
vn -0.047840 0.000000 -2.539549
vn -0.042309 0.000000 -2.539648
vn -0.047840 0.000000 -2.539549
vn -0.063585 0.000000 -2.539204
vn -0.087143 0.000000 -2.538505
vn -0.114911 0.000000 -2.537399
vn -0.142665 0.000000 -2.535990
vn -0.166193 0.000000 -2.534557
vn -0.181924 0.000000 -2.533477
vn 0.187452 -0.000000 2.533074
vn 0.181924 -0.000000 2.533477
vn 0.166193 -0.000000 2.534557
vn 0.142665 -0.000000 2.535990
vn 0.114911 -0.000000 2.537399
vn 0.087143 -0.000000 2.538505
vn 0.063585 -0.000000 2.539204
vn 0.047840 -0.000000 2.539549
vn 0.042309 -0.000000 2.539648
vn 0.047840 -0.000000 2.539549
vn 0.063585 -0.000000 2.539204
vn 0.087143 -0.000000 2.538505
vn 0.114911 -0.000000 2.537399
vn 0.142666 -0.000000 2.535990
vn 0.166193 -0.000000 2.534557
vn 0.181924 -0.000000 2.533477
vn -2.533074 0.000000 0.187452
vn -2.533477 0.000000 0.181924
vn -2.534557 0.000000 0.166193
vn -2.535990 0.000000 0.142665
vn -2.537399 0.000000 0.114911
vn -2.538505 0.000000 0.087143
vn -2.539204 0.000000 0.063585
vn -2.539549 0.000000 0.047840
vn -2.539648 0.000000 0.042309
vn -2.539549 0.000000 0.047840
vn -2.539204 0.000000 0.063585
vn -2.538505 0.000000 0.087143
vn -2.537399 0.000000 0.114911
vn -2.535990 0.000000 0.142666
vn -2.534557 0.000000 0.166193
vn -2.533477 0.000000 0.181924
vn -0.187452 0.000000 -2.533074
vn -0.181924 0.000000 -2.533477
vn -0.166193 0.000000 -2.534557
vn -0.142665 0.000000 -2.535990
vn -0.114911 0.000000 -2.537399
vn -0.087143 0.000000 -2.538505
vn -0.063585 0.000000 -2.539204
vn -0.047840 0.000000 -2.539549
vn -0.042309 0.000000 -2.539648
vn -0.047840 0.000000 -2.539549
vn -0.063585 0.000000 -2.539204
vn -0.087143 0.000000 -2.538505
vn -0.114911 0.000000 -2.537399
vn -0.142666 0.000000 -2.535990
vn -0.166193 0.000000 -2.534557
vn -0.181924 0.000000 -2.533477
vn 0.187452 -0.000000 2.533074
vn 0.181924 -0.000000 2.533477
vn 0.166193 -0.000000 2.534557
vn 0.142665 -0.000000 2.535990
vn 0.114911 -0.000000 2.537399
vn 0.087143 -0.000000 2.538505
vn 0.063585 -0.000000 2.539204
vn 0.047840 -0.000000 2.539549
vn 0.042309 -0.000000 2.539648
vn 0.047840 -0.000000 2.539549
vn 0.063585 -0.000000 2.539204
vn 0.087143 -0.000000 2.538505
vn 0.114911 -0.000000 2.537399
vn 0.142665 -0.000000 2.535990
vn 0.166193 -0.000000 2.534557
vn 0.181924 -0.000000 2.533477
vn -2.533074 0.000000 0.187452
vn -2.533477 0.000000 0.181924
vn -2.534557 0.000000 0.166193
vn -2.535990 0.000000 0.142665
vn -2.537399 0.000000 0.114911
vn -2.538505 0.000000 0.087143
vn -2.539204 0.000000 0.063585
vn -2.539549 0.000000 0.047840
vn -2.539648 0.000000 0.042309
vn -2.539549 0.000000 0.047840
vn -2.539204 0.000000 0.063585
vn -2.538505 0.000000 0.087143
vn -2.537399 0.000000 0.114911
vn -2.535990 0.000000 0.142665
vn -2.534557 0.000000 0.166193
vn -2.533477 0.000000 0.181924
vn -0.187452 0.000000 -2.533074
vn -0.181924 0.000000 -2.533477
vn -0.166193 0.000000 -2.534557
vn -0.142665 0.000000 -2.535990
vn -0.114911 0.000000 -2.537399
vn -0.087143 0.000000 -2.538505
vn -0.063585 0.000000 -2.539204
vn -0.047840 0.000000 -2.539549
vn -0.042309 0.000000 -2.539648
vn -0.047840 0.000000 -2.539549
vn -0.063585 0.000000 -2.539204
vn -0.087143 0.000000 -2.538505
vn -0.114911 0.000000 -2.537399
vn -0.142665 0.000000 -2.535990
vn -0.166193 0.000000 -2.534557
vn -0.181924 0.000000 -2.533477
vn 2.533074 -0.000000 -0.187452
vn 2.533477 -0.000000 -0.181924
vn 2.534557 -0.000000 -0.166193
vn 2.535990 -0.000000 -0.142665
vn 2.537399 -0.000000 -0.114911
vn 2.538505 -0.000000 -0.087143
vn 2.539204 -0.000000 -0.063585
vn 2.539549 -0.000000 -0.047840
vn 2.539648 -0.000000 -0.042309
vn 2.539549 -0.000000 -0.047840
vn 2.539204 -0.000000 -0.063585
vn 2.538505 -0.000000 -0.087143
vn 2.537399 -0.000000 -0.114911
vn 2.535990 -0.000000 -0.142665
vn 2.534557 -0.000000 -0.166193
vn 2.533477 -0.000000 -0.181924
vn 2.533074 -0.000000 -0.187452
vn 2.533477 -0.000000 -0.181924
vn 2.534557 -0.000000 -0.166193
vn 2.535990 -0.000000 -0.142665
vn 2.537399 -0.000000 -0.114911
vn 2.538505 -0.000000 -0.087143
vn 2.539204 -0.000000 -0.063585
vn 2.539549 -0.000000 -0.047840
vn 2.539648 -0.000000 -0.042309
vn 2.539549 -0.000000 -0.047840
vn 2.539204 -0.000000 -0.063585
vn 2.538505 -0.000000 -0.087143
vn 2.537399 -0.000000 -0.114911
vn 2.535990 -0.000000 -0.142665
vn 2.534557 -0.000000 -0.166193
vn 2.533477 -0.000000 -0.181924
vn 2.533074 -0.000000 -0.187452
vn 2.533477 -0.000000 -0.181924
vn 2.534557 -0.000000 -0.166193
vn 2.535990 -0.000000 -0.142665
vn 2.537399 -0.000000 -0.114911
vn 2.538505 -0.000000 -0.087143
vn 2.539204 -0.000000 -0.063585
vn 2.539549 -0.000000 -0.047840
vn 2.539648 -0.000000 -0.042309
vn 2.539549 -0.000000 -0.047840
vn 2.539204 -0.000000 -0.063585
vn 2.538505 -0.000000 -0.087143
vn 2.537399 -0.000000 -0.114911
vn 2.535990 -0.000000 -0.142666
vn 2.534557 -0.000000 -0.166193
vn 2.533477 -0.000000 -0.181924
vn 2.533074 -0.000000 -0.187452
vn 2.533477 -0.000000 -0.181924
vn 2.534557 -0.000000 -0.166193
vn 2.535990 -0.000000 -0.142665
vn 2.537399 -0.000000 -0.114911
vn 2.538505 -0.000000 -0.087143
vn 2.539204 -0.000000 -0.063585
vn 2.539549 -0.000000 -0.047840
vn 2.539648 -0.000000 -0.042309
vn 2.539549 -0.000000 -0.047840
vn 2.539204 -0.000000 -0.063585
vn 2.538505 -0.000000 -0.087143
vn 2.537399 -0.000000 -0.114911
vn 2.535990 -0.000000 -0.142665
vn 2.534557 -0.000000 -0.166193
vn 2.533477 -0.000000 -0.181924
vn 2.540000 -0.000000 -0.000000
vn 2.518270 -0.000000 -0.331537
vn 2.453452 -0.000000 -0.657400
vn 2.346654 -0.000000 -0.972016
vn 2.199704 -0.000000 -1.270000
vn 2.015117 -0.000000 -1.546254
vn 1.796051 -0.000000 -1.796051
vn 1.546254 -0.000000 -2.015117
vn 1.270000 -0.000000 -2.199704
vn 0.972016 -0.000000 -2.346654
vn 0.657400 -0.000000 -2.453452
vn 0.331537 -0.000000 -2.518270
vn -0.000000 0.000000 -2.540000
vn -0.331537 0.000000 -2.518270
vn -0.657400 0.000000 -2.453452
vn -0.972016 0.000000 -2.346654
vn -1.270000 0.000000 -2.199704
vn -1.546254 0.000000 -2.015117
vn -1.796051 0.000000 -1.796051
vn -2.015117 0.000000 -1.546254
vn -2.199704 0.000000 -1.270000
vn -2.346654 0.000000 -0.972016
vn -2.453452 0.000000 -0.657400
vn -2.518270 0.000000 -0.331537
vn -2.540000 0.000000 0.000000
vn -2.518270 0.000000 0.331537
vn -2.453452 0.000000 0.657400
vn -2.346654 0.000000 0.972016
vn -2.199704 0.000000 1.270000
vn -2.015117 0.000000 1.546254
vn -1.796051 0.000000 1.796051
vn -1.546254 0.000000 2.015117
vn -1.270000 0.000000 2.199704
vn -0.972016 0.000000 2.346654
vn -0.657400 0.000000 2.453452
vn -0.331537 0.000000 2.518270
vn 0.000000 -0.000000 2.540000
vn 0.331537 -0.000000 2.518270
vn 0.657400 -0.000000 2.453452
vn 0.972016 -0.000000 2.346654
vn 1.270000 -0.000000 2.199704
vn 1.546254 -0.000000 2.015117
vn 1.796051 -0.000000 1.796051
vn 2.015117 -0.000000 1.546254
vn 2.199704 -0.000000 1.270000
vn 2.346654 -0.000000 0.972016
vn 2.453452 -0.000000 0.657400
vn 2.518270 -0.000000 0.331537
vn 2.540000 -0.000000 -0.000000
vn 2.518270 -0.000000 0.331537
vn 2.453452 -0.000000 0.657400
vn 2.346654 -0.000000 0.972016
vn 2.199704 -0.000000 1.270000
vn 2.015117 -0.000000 1.546254
vn 1.796051 -0.000000 1.796051
vn 1.546254 -0.000000 2.015117
vn 1.270000 -0.000000 2.199704
vn 0.972016 -0.000000 2.346654
vn 0.657400 -0.000000 2.453452
vn 0.331537 -0.000000 2.518270
vn 0.000000 -0.000000 2.540000
vn -0.331537 0.000000 2.518270
vn -0.657400 0.000000 2.453452
vn -0.972016 0.000000 2.346654
vn -1.270000 0.000000 2.199704
vn -1.546254 0.000000 2.015117
vn -1.796051 0.000000 1.796051
vn -2.015117 0.000000 1.546254
vn -2.199704 0.000000 1.270000
vn -2.346654 0.000000 0.972016
vn -2.453452 0.000000 0.657400
vn -2.518270 0.000000 0.331537
vn -2.540000 0.000000 0.000000
vn -2.518270 0.000000 -0.331537
vn -2.453452 0.000000 -0.657400
vn -2.346654 0.000000 -0.972016
vn -2.199704 0.000000 -1.270000
vn -2.015117 0.000000 -1.546254
vn -1.796051 0.000000 -1.796051
vn -1.546254 0.000000 -2.015117
vn -1.270000 0.000000 -2.199704
vn -0.972016 0.000000 -2.346654
vn -0.657400 0.000000 -2.453452
vn -0.331537 0.000000 -2.518270
vn -0.000000 0.000000 -2.540000
vn 0.331537 -0.000000 -2.518270
vn 0.657400 -0.000000 -2.453452
vn 0.972016 -0.000000 -2.346654
vn 1.270000 -0.000000 -2.199704
vn 1.546254 -0.000000 -2.015117
vn 1.796051 -0.000000 -1.796051
vn 2.015117 -0.000000 -1.546254
vn 2.199704 -0.000000 -1.270000
vn 2.346654 -0.000000 -0.972016
vn 2.453452 -0.000000 -0.657400
vn 2.518270 -0.000000 -0.331537
vn 2.540000 -0.000000 -0.000000
vn 2.540000 -0.000000 -0.000000
vn 2.540000 -0.000000 -0.000000
vn 2.540000 -0.000000 -0.000000
vn 2.540000 -0.000000 -0.000000
vn 2.540000 -0.000000 -0.000000
vn 2.540000 -0.000000 -0.000000
vn 2.540000 -0.000000 -0.000000
vn 2.540000 -0.000000 -0.000000
vn 2.540000 -0.000000 -0.000000
vn 2.540000 -0.000000 -0.000000
vn 2.540000 -0.000000 -0.000000
vn -0.185334 0.000000 -2.533229
vn -0.179868 0.000000 -2.533623
vn -0.164316 0.000000 -2.534679
vn -0.141053 0.000000 -2.536081
vn -0.113612 0.000000 -2.537458
vn -0.086158 0.000000 -2.538538
vn -0.062866 0.000000 -2.539222
vn -0.047299 0.000000 -2.539560
vn -0.041831 0.000000 -2.539656
vn -0.047299 0.000000 -2.539560
vn -0.062866 0.000000 -2.539222
vn -0.086158 0.000000 -2.538538
vn -0.113612 0.000000 -2.537458
vn -0.141053 0.000000 -2.536081
vn -0.164316 0.000000 -2.534679
vn -0.179868 0.000000 -2.533623
vn 2.533229 -0.000000 -0.185334
vn 2.533623 -0.000000 -0.179868
vn 2.534679 -0.000000 -0.164316
vn 2.536081 -0.000000 -0.141053
vn 2.537458 -0.000000 -0.113612
vn 2.538538 -0.000000 -0.086158
vn 2.539222 -0.000000 -0.062866
vn 2.539560 -0.000000 -0.047299
vn 2.539656 -0.000000 -0.041831
vn 2.539560 -0.000000 -0.047299
vn 2.539222 -0.000000 -0.062866
vn 2.538538 -0.000000 -0.086158
vn 2.537458 -0.000000 -0.113612
vn 2.536081 -0.000000 -0.141053
vn 2.534679 -0.000000 -0.164316
vn 2.533623 -0.000000 -0.179868
vn 0.185334 -0.000000 2.533229
vn 0.179868 -0.000000 2.533623
vn 0.164316 -0.000000 2.534679
vn 0.141053 -0.000000 2.536081
vn 0.113612 -0.000000 2.537458
vn 0.086158 -0.000000 2.538538
vn 0.062866 -0.000000 2.539222
vn 0.047299 -0.000000 2.539560
vn 0.041831 -0.000000 2.539656
vn 0.047299 -0.000000 2.539560
vn 0.062866 -0.000000 2.539222
vn 0.086158 -0.000000 2.538538
vn 0.113612 -0.000000 2.537458
vn 0.141053 -0.000000 2.536081
vn 0.164316 -0.000000 2.534679
vn 0.179868 -0.000000 2.533623
vn -0.185334 0.000000 -2.533229
vn -0.179868 0.000000 -2.533623
vn -0.164316 0.000000 -2.534679
vn -0.141053 0.000000 -2.536081
vn -0.113612 0.000000 -2.537458
vn -0.086158 0.000000 -2.538538
vn -0.062866 0.000000 -2.539222
vn -0.047299 0.000000 -2.539560
vn -0.041831 0.000000 -2.539656
vn -0.047299 0.000000 -2.539560
vn -0.062866 0.000000 -2.539222
vn -0.086158 0.000000 -2.538538
vn -0.113612 0.000000 -2.537458
vn -0.141053 0.000000 -2.536081
vn -0.164316 0.000000 -2.534679
vn -0.179868 0.000000 -2.533623
vn 2.533229 -0.000000 -0.185334
vn 2.533623 -0.000000 -0.179868
vn 2.534679 -0.000000 -0.164316
vn 2.536081 -0.000000 -0.141053
vn 2.537458 -0.000000 -0.113612
vn 2.538538 -0.000000 -0.086158
vn 2.539222 -0.000000 -0.062866
vn 2.539560 -0.000000 -0.047299
vn 2.539656 -0.000000 -0.041831
vn 2.539560 -0.000000 -0.047299
vn 2.539222 -0.000000 -0.062866
vn 2.538538 -0.000000 -0.086158
vn 2.537458 -0.000000 -0.113612
vn 2.536081 -0.000000 -0.141053
vn 2.534679 -0.000000 -0.164316
vn 2.533623 -0.000000 -0.179868
vn 0.185334 -0.000000 2.533229
vn 0.179868 -0.000000 2.533623
vn 0.164316 -0.000000 2.534679
vn 0.141053 -0.000000 2.536081
vn 0.113612 -0.000000 2.537458
vn 0.086158 -0.000000 2.538538
vn 0.062866 -0.000000 2.539222
vn 0.047299 -0.000000 2.539560
vn 0.041831 -0.000000 2.539656
vn 0.047299 -0.000000 2.539560
vn 0.062866 -0.000000 2.539222
vn 0.086158 -0.000000 2.538538
vn 0.113612 -0.000000 2.537458
vn 0.141053 -0.000000 2.536081
vn 0.164316 -0.000000 2.534679
vn 0.179868 -0.000000 2.533623
vn -0.185334 0.000000 -2.533229
vn -0.179869 0.000000 -2.533623
vn -0.164316 0.000000 -2.534679
vn -0.141053 0.000000 -2.536080
vn -0.113612 0.000000 -2.537458
vn -0.086158 0.000000 -2.538538
vn -0.062866 0.000000 -2.539222
vn -0.047299 0.000000 -2.539560
vn -0.041831 0.000000 -2.539656
vn -0.047299 0.000000 -2.539560
vn -0.062866 0.000000 -2.539222
vn -0.086158 0.000000 -2.538538
vn -0.113612 0.000000 -2.537458
vn -0.141053 0.000000 -2.536081
vn -0.164316 0.000000 -2.534679
vn -0.179868 0.000000 -2.533623
vn 2.533229 -0.000000 -0.185334
vn 2.533623 -0.000000 -0.179869
vn 2.534679 -0.000000 -0.164316
vn 2.536080 -0.000000 -0.141053
vn 2.537458 -0.000000 -0.113612
vn 2.538538 -0.000000 -0.086158
vn 2.539222 -0.000000 -0.062866
vn 2.539560 -0.000000 -0.047299
vn 2.539656 -0.000000 -0.041831
vn 2.539560 -0.000000 -0.047299
vn 2.539222 -0.000000 -0.062866
vn 2.538538 -0.000000 -0.086158
vn 2.537458 -0.000000 -0.113612
vn 2.536081 -0.000000 -0.141053
vn 2.534679 -0.000000 -0.164316
vn 2.533623 -0.000000 -0.179868
vn 0.185334 -0.000000 2.533229
vn 0.179869 -0.000000 2.533623
vn 0.164316 -0.000000 2.534679
vn 0.141053 -0.000000 2.536080
vn 0.113612 -0.000000 2.537458
vn 0.086158 -0.000000 2.538538
vn 0.062866 -0.000000 2.539222
vn 0.047299 -0.000000 2.539560
vn 0.041831 -0.000000 2.539656
vn 0.047299 -0.000000 2.539560
vn 0.062866 -0.000000 2.539222
vn 0.086158 -0.000000 2.538538
vn 0.113612 -0.000000 2.537458
vn 0.141053 -0.000000 2.536081
vn 0.164316 -0.000000 2.534679
vn 0.179868 -0.000000 2.533623
vn -0.185334 0.000000 -2.533229
vn -0.179868 0.000000 -2.533623
vn -0.164316 0.000000 -2.534679
vn -0.141053 0.000000 -2.536081
vn -0.113612 0.000000 -2.537458
vn -0.086158 0.000000 -2.538538
vn -0.062866 0.000000 -2.539222
vn -0.047299 0.000000 -2.539560
vn -0.041831 0.000000 -2.539656
vn -0.047299 0.000000 -2.539560
vn -0.062866 0.000000 -2.539222
vn -0.086158 0.000000 -2.538538
vn -0.113612 0.000000 -2.537458
vn -0.141053 0.000000 -2.536081
vn -0.164316 0.000000 -2.534679
vn -0.179868 0.000000 -2.533623
vn 2.533229 -0.000000 -0.185334
vn 2.533623 -0.000000 -0.179868
vn 2.534679 -0.000000 -0.164316
vn 2.536081 -0.000000 -0.141053
vn 2.537458 -0.000000 -0.113612
vn 2.538538 -0.000000 -0.086158
vn 2.539222 -0.000000 -0.062866
vn 2.539560 -0.000000 -0.047299
vn 2.539656 -0.000000 -0.041831
vn 2.539560 -0.000000 -0.047299
vn 2.539222 -0.000000 -0.062866
vn 2.538538 -0.000000 -0.086158
vn 2.537458 -0.000000 -0.113612
vn 2.536081 -0.000000 -0.141053
vn 2.534679 -0.000000 -0.164316
vn 2.533623 -0.000000 -0.179868
vn 0.185334 -0.000000 2.533229
vn 0.179868 -0.000000 2.533623
vn 0.164316 -0.000000 2.534679
vn 0.141053 -0.000000 2.536081
vn 0.113612 -0.000000 2.537458
vn 0.086158 -0.000000 2.538538
vn 0.062866 -0.000000 2.539222
vn 0.047299 -0.000000 2.539560
vn 0.041831 -0.000000 2.539656
vn 0.047299 -0.000000 2.539560
vn 0.062866 -0.000000 2.539222
vn 0.086158 -0.000000 2.538538
vn 0.113612 -0.000000 2.537458
vn 0.141053 -0.000000 2.536081
vn 0.164316 -0.000000 2.534679
vn 0.179868 -0.000000 2.533623
vn -2.533229 0.000000 0.185334
vn -2.533623 0.000000 0.179868
vn -2.534679 0.000000 0.164316
vn -2.536081 0.000000 0.141053
vn -2.537458 0.000000 0.113612
vn -2.538538 0.000000 0.086158
vn -2.539222 0.000000 0.062866
vn -2.539560 0.000000 0.047299
vn -2.539656 0.000000 0.041831
vn -2.539560 0.000000 0.047299
vn -2.539222 0.000000 0.062866
vn -2.538538 0.000000 0.086158
vn -2.537458 0.000000 0.113612
vn -2.536081 0.000000 0.141053
vn -2.534679 0.000000 0.164316
vn -2.533623 0.000000 0.179868
vn -2.533229 0.000000 0.185334
vn -2.533623 0.000000 0.179868
vn -2.534679 0.000000 0.164316
vn -2.536081 0.000000 0.141053
vn -2.537458 0.000000 0.113612
vn -2.538538 0.000000 0.086158
vn -2.539222 0.000000 0.062866
vn -2.539560 0.000000 0.047299
vn -2.539656 0.000000 0.041831
vn -2.539560 0.000000 0.047299
vn -2.539222 0.000000 0.062866
vn -2.538538 0.000000 0.086158
vn -2.537458 0.000000 0.113612
vn -2.536081 0.000000 0.141053
vn -2.534679 0.000000 0.164316
vn -2.533623 0.000000 0.179868
vn -2.533229 0.000000 0.185334
vn -2.533623 0.000000 0.179869
vn -2.534679 0.000000 0.164316
vn -2.536080 0.000000 0.141053
vn -2.537458 0.000000 0.113612
vn -2.538538 0.000000 0.086158
vn -2.539222 0.000000 0.062866
vn -2.539560 0.000000 0.047299
vn -2.539656 0.000000 0.041831
vn -2.539560 0.000000 0.047299
vn -2.539222 0.000000 0.062866
vn -2.538538 0.000000 0.086158
vn -2.537458 0.000000 0.113612
vn -2.536081 0.000000 0.141053
vn -2.534679 0.000000 0.164316
vn -2.533623 0.000000 0.179868
vn -2.533229 0.000000 0.185334
vn -2.533623 0.000000 0.179868
vn -2.534679 0.000000 0.164316
vn -2.536081 0.000000 0.141053
vn -2.537458 0.000000 0.113612
vn -2.538538 0.000000 0.086158
vn -2.539222 0.000000 0.062866
vn -2.539560 0.000000 0.047299
vn -2.539656 0.000000 0.041831
vn -2.539560 0.000000 0.047299
vn -2.539222 0.000000 0.062866
vn -2.538538 0.000000 0.086158
vn -2.537458 0.000000 0.113612
vn -2.536081 0.000000 0.141053
vn -2.534679 0.000000 0.164316
vn -2.533623 0.000000 0.179868
vn -2.540000 0.000000 0.000000
vn -2.518270 0.000000 -0.331537
vn -2.453452 0.000000 -0.657400
vn -2.346654 0.000000 -0.972016
vn -2.199704 0.000000 -1.270000
vn -2.015117 0.000000 -1.546254
vn -1.796051 0.000000 -1.796051
vn -1.546254 0.000000 -2.015117
vn -1.270000 0.000000 -2.199704
vn -0.972016 0.000000 -2.346654
vn -0.657400 0.000000 -2.453452
vn -0.331537 0.000000 -2.518270
vn -0.000000 0.000000 -2.540000
vn 0.331537 -0.000000 -2.518270
vn 0.657400 -0.000000 -2.453452
vn 0.972016 -0.000000 -2.346654
vn 1.270000 -0.000000 -2.199704
vn 1.546254 -0.000000 -2.015117
vn 1.796051 -0.000000 -1.796051
vn 2.015117 -0.000000 -1.546254
vn 2.199704 -0.000000 -1.270000
vn 2.346654 -0.000000 -0.972016
vn 2.453452 -0.000000 -0.657400
vn 2.518270 -0.000000 -0.331537
vn 2.540000 -0.000000 -0.000000
vn 2.518270 -0.000000 0.331537
vn 2.453452 -0.000000 0.657400
vn 2.346654 -0.000000 0.972016
vn 2.199704 -0.000000 1.270000
vn 2.015117 -0.000000 1.546254
vn 1.796051 -0.000000 1.796051
vn 1.546254 -0.000000 2.015117
vn 1.270000 -0.000000 2.199704
vn 0.972016 -0.000000 2.346654
vn 0.657400 -0.000000 2.453452
vn 0.331537 -0.000000 2.518270
vn 0.000000 -0.000000 2.540000
vn -0.331537 0.000000 2.518270
vn -0.657400 0.000000 2.453452
vn -0.972016 0.000000 2.346654
vn -1.270000 0.000000 2.199704
vn -1.546254 0.000000 2.015117
vn -1.796051 0.000000 1.796051
vn -2.015117 0.000000 1.546254
vn -2.199704 0.000000 1.270000
vn -2.346654 0.000000 0.972016
vn -2.453452 0.000000 0.657400
vn -2.518270 0.000000 0.331537
vn -2.540000 0.000000 0.000000
vn -2.518270 0.000000 0.331537
vn -2.453452 0.000000 0.657400
vn -2.346654 0.000000 0.972016
vn -2.199704 0.000000 1.270000
vn -2.015117 0.000000 1.546254
vn -1.796051 0.000000 1.796051
vn -1.546254 0.000000 2.015117
vn -1.270000 0.000000 2.199704
vn -0.972016 0.000000 2.346654
vn -0.657400 0.000000 2.453452
vn -0.331537 0.000000 2.518270
vn 0.000000 -0.000000 2.540000
vn 0.331537 -0.000000 2.518270
vn 0.657400 -0.000000 2.453452
vn 0.972016 -0.000000 2.346654
vn 1.270000 -0.000000 2.199704
vn 1.546254 -0.000000 2.015117
vn 1.796051 -0.000000 1.796051
vn 2.015117 -0.000000 1.546254
vn 2.199704 -0.000000 1.270000
vn 2.346654 -0.000000 0.972016
vn 2.453452 -0.000000 0.657400
vn 2.518270 -0.000000 0.331537
vn 2.540000 -0.000000 -0.000000
vn 2.518270 -0.000000 -0.331537
vn 2.453452 -0.000000 -0.657400
vn 2.346654 -0.000000 -0.972016
vn 2.199704 -0.000000 -1.270000
vn 2.015117 -0.000000 -1.546254
vn 1.796051 -0.000000 -1.796051
vn 1.546254 -0.000000 -2.015117
vn 1.270000 -0.000000 -2.199704
vn 0.972016 -0.000000 -2.346654
vn 0.657400 -0.000000 -2.453452
vn 0.331537 -0.000000 -2.518270
vn -0.000000 0.000000 -2.540000
vn -0.331537 0.000000 -2.518270
vn -0.657400 0.000000 -2.453452
vn -0.972016 0.000000 -2.346654
vn -1.270000 0.000000 -2.199704
vn -1.546254 0.000000 -2.015117
vn -1.796051 0.000000 -1.796051
vn -2.015117 0.000000 -1.546254
vn -2.199704 0.000000 -1.270000
vn -2.346654 0.000000 -0.972016
vn -2.453452 0.000000 -0.657400
vn -2.518270 0.000000 -0.331537
vn 2.540000 -0.000000 -0.000000
vn 2.540000 -0.000000 -0.000000
vn 2.540000 -0.000000 -0.000000
vn 2.540000 -0.000000 -0.000000
vn 2.540000 -0.000000 -0.000000
vn 2.540000 -0.000000 -0.000000
vn 2.540000 -0.000000 -0.000000
vn 2.540000 -0.000000 -0.000000
vn 2.540000 -0.000000 -0.000000
vn 0.000000 2.540000 0.000000
vn 0.000000 2.540000 0.000000
vn 0.000000 2.540000 0.000000
vn 0.000000 2.540000 0.000000
vn 0.000000 2.540000 0.000000
vn 0.000000 2.540000 0.000000
vn 0.000000 2.540000 0.000000
vn 0.000000 2.540000 0.000000
vn 0.000000 2.540000 0.000000
vn 0.000000 2.540000 0.000000
vn 0.000000 2.540000 0.000000
vn 0.000000 2.540000 0.000000
vn 0.000000 2.540000 0.000000
vn 0.000000 2.540000 0.000000
vn 0.000000 2.540000 0.000000
vn 0.000000 2.540000 0.000000
vn 0.000000 2.540000 0.000000
vn 0.000000 2.540000 0.000000
vn 0.000000 2.540000 0.000000
vn 0.000000 2.540000 0.000000
vn 0.000000 2.540000 0.000000
vn 0.000000 2.540000 0.000000
vn 0.000000 2.540000 0.000000
vn 0.000000 2.540000 0.000000
vn 0.000000 2.540000 0.000000
vn 0.000000 2.540000 0.000000
vn 0.000000 2.540000 0.000000
vn 0.000000 2.540000 0.000000
vn 0.000000 2.540000 0.000000
vn 0.000000 2.540000 0.000000
vn 0.000000 2.540000 0.000000
vn 0.000000 2.540000 0.000000
vn 0.000000 2.540000 0.000000
vn 0.000000 2.540000 0.000000
vn 0.000000 2.540000 0.000000
vn 0.000000 2.540000 0.000000
vn 0.000000 2.540000 0.000000
vn 0.000000 2.540000 0.000000
vn 0.000000 2.540000 0.000000
vn 0.000000 2.540000 0.000000
vn 0.000000 2.540000 0.000000
vn 0.000000 2.540000 0.000000
vn 0.000000 2.540000 0.000000
vn 0.000000 2.540000 0.000000
vn 0.000000 2.540000 0.000000
vn 0.000000 2.540000 0.000000
vn 0.000000 2.540000 0.000000
vn 0.000000 2.540000 0.000000
vn 0.000000 2.540000 0.000000
vn 0.000000 2.540000 0.000000
vn 0.000000 2.540000 0.000000
vn 0.000000 2.540000 0.000000
vn 0.000000 2.540000 0.000000
vn 0.000000 2.540000 0.000000
vn 0.000000 2.540000 0.000000
vn 0.000000 2.540000 0.000000
vn 0.000000 2.540000 0.000000
vn 0.000000 2.540000 0.000000
vn 0.000000 2.540000 0.000000
vn 0.000000 2.540000 0.000000
vn 0.000000 2.540000 0.000000
vn 0.000000 2.540000 0.000000
vn 0.000000 2.540000 0.000000
vn 0.000000 2.540000 0.000000
vn 0.000000 2.540000 0.000000
vn 0.000000 2.540000 0.000000
vn 0.000000 2.540000 0.000000
vn 0.000000 2.540000 0.000000
vn 0.000000 2.540000 0.000000
vn 0.000000 2.540000 0.000000
vn 0.000000 2.540000 0.000000
vn 0.000000 2.540000 0.000000
vn 0.000000 2.540000 0.000000
vn 0.000000 2.540000 0.000000
vn 0.000000 2.540000 0.000000
vn 0.000000 2.540000 0.000000
vn 0.000000 2.540000 0.000000
vn 0.000000 2.540000 0.000000
vn 0.000000 2.540000 0.000000
vn 0.000000 2.540000 0.000000
vn 0.000000 2.540000 0.000000
vn 0.000000 2.540000 0.000000
vn 0.000000 2.540000 0.000000
vn 0.000000 2.540000 0.000000
vn 0.000000 2.540000 0.000000
vn 0.000000 2.540000 0.000000
vn 0.000000 2.540000 0.000000
vn 0.000000 2.540000 0.000000
vn 0.000000 2.540000 0.000000
vn 0.000000 2.540000 0.000000
vn 0.000000 2.540000 0.000000
vn 0.000000 2.540000 0.000000
vn 0.000000 2.540000 0.000000
vn 0.000000 2.540000 0.000000
vn 0.000000 2.540000 0.000000
vn 0.000000 2.540000 0.000000
vn -0.000000 -2.540000 -0.000000
vn -0.000000 -2.540000 -0.000000
vn -0.000000 -2.540000 -0.000000
vn -0.000000 -2.540000 -0.000000
vn -0.000000 -2.540000 -0.000000
vn -0.000000 -2.540000 -0.000000
vn -0.000000 -2.540000 -0.000000
vn -0.000000 -2.540000 -0.000000
vn -0.000000 -2.540000 -0.000000
vn -0.000000 -2.540000 -0.000000
vn -0.000000 -2.540000 -0.000000
vn -0.000000 -2.540000 -0.000000
vn -0.000000 -2.540000 -0.000000
vn -0.000000 -2.540000 -0.000000
vn -0.000000 -2.540000 -0.000000
vn -0.000000 -2.540000 -0.000000
vn -0.000000 -2.540000 -0.000000
vn -0.000000 -2.540000 -0.000000
vn -0.000000 -2.540000 -0.000000
vn -0.000000 -2.540000 -0.000000
vn -0.000000 -2.540000 -0.000000
vn -0.000000 -2.540000 -0.000000
vn -0.000000 -2.540000 -0.000000
vn -0.000000 -2.540000 -0.000000
vn -0.000000 -2.540000 -0.000000
vn -0.000000 -2.540000 -0.000000
vn -0.000000 -2.540000 -0.000000
vn -0.000000 -2.540000 -0.000000
vn -0.000000 -2.540000 -0.000000
vn -0.000000 -2.540000 -0.000000
vn -0.000000 -2.540000 -0.000000
vn -0.000000 -2.540000 -0.000000
vn -0.000000 -2.540000 -0.000000
vn -0.000000 -2.540000 -0.000000
vn -0.000000 -2.540000 -0.000000
vn -0.000000 -2.540000 -0.000000
vn -0.000000 -2.540000 -0.000000
vn -0.000000 -2.540000 -0.000000
vn -0.000000 -2.540000 -0.000000
vn -0.000000 -2.540000 -0.000000
vn -0.000000 -2.540000 -0.000000
vn -0.000000 -2.540000 -0.000000
vn -0.000000 -2.540000 -0.000000
vn -0.000000 -2.540000 -0.000000
vn -0.000000 -2.540000 -0.000000
vn -0.000000 -2.540000 -0.000000
vn -0.000000 -2.540000 -0.000000
vn -0.000000 -2.540000 -0.000000
vn -0.000000 -2.540000 -0.000000
vn -0.000000 -2.540000 -0.000000
vn -0.000000 -2.540000 -0.000000
vn -0.000000 -2.540000 -0.000000
vn -0.000000 -2.540000 -0.000000
vn -0.000000 -2.540000 -0.000000
vn -0.000000 -2.540000 -0.000000
vn -0.000000 -2.540000 -0.000000
vn -0.000000 -2.540000 -0.000000
vn -0.000000 -2.540000 -0.000000
vn -0.000000 -2.540000 -0.000000
vn -0.000000 -2.540000 -0.000000
vn -0.000000 -2.540000 -0.000000
vn -0.000000 -2.540000 -0.000000
vn -0.000000 -2.540000 -0.000000
vn -0.000000 -2.540000 -0.000000
vn -0.000000 -2.540000 -0.000000
vn -0.000000 -2.540000 -0.000000
vn -0.000000 -2.540000 -0.000000
vn -0.000000 -2.540000 -0.000000
vn -0.000000 -2.540000 -0.000000
vn -0.000000 -2.540000 -0.000000
vn -0.000000 -2.540000 -0.000000
vn -0.000000 -2.540000 -0.000000
vn -0.000000 -2.540000 -0.000000
vn -0.000000 -2.540000 -0.000000
vn -0.000000 -2.540000 -0.000000
vn -0.000000 -2.540000 -0.000000
vn -0.000000 -2.540000 -0.000000
vn -0.000000 -2.540000 -0.000000
vn -0.000000 -2.540000 -0.000000
vn -0.000000 -2.540000 -0.000000
vn -0.000000 -2.540000 -0.000000
vn -0.000000 -2.540000 -0.000000
vn -0.000000 -2.540000 -0.000000
vn -0.000000 -2.540000 -0.000000
vn -0.000000 -2.540000 -0.000000
vn -0.000000 -2.540000 -0.000000
vn -0.000000 -2.540000 -0.000000
vn -0.000000 -2.540000 -0.000000
vn -0.000000 -2.540000 -0.000000
vn -0.000000 -2.540000 -0.000000
vn -0.000000 -2.540000 -0.000000
vn -0.000000 -2.540000 -0.000000
vn -0.000000 -2.540000 -0.000000
vn -0.000000 -2.540000 -0.000000
vn -0.000000 -2.540000 -0.000000
vn -0.000000 -2.540000 -0.000000
usemtl 191,191,191
f 244/16/16 228/1/1 227/17/17
f 227/17/17 228/1/1 242/2/2
f 227/17/17 242/2/2 241/32/32
f 241/32/32 242/2/2 258/3/3
f 241/32/32 258/3/3 257/31/31
f 257/31/31 258/3/3 274/4/4
f 257/31/31 274/4/4 273/30/30
f 273/30/30 274/4/4 290/33/33
f 273/30/30 290/34/34 289/29/29
f 289/35/35 290/5/5 299/6/6
f 289/36/36 299/6/6 307/28/28
f 307/28/28 299/6/6 322/7/7
f 307/28/28 322/7/7 321/27/27
f 321/27/27 322/7/7 338/8/8
f 321/27/27 338/8/8 337/26/26
f 337/26/26 338/8/8 348/9/9
f 337/26/26 348/9/9 347/25/25
f 347/25/25 348/9/9 339/24/24
f 339/24/24 348/9/9 340/10/10
f 339/24/24 340/10/10 323/23/23
f 323/23/23 340/10/10 324/11/11
f 323/23/23 324/11/11 308/22/22
f 308/22/22 324/11/11 300/12/12
f 308/22/22 300/12/12 291/21/21
f 291/21/21 300/12/12 292/13/13
f 291/21/21 292/13/13 275/20/20
f 275/20/20 292/13/13 276/14/14
f 275/20/20 276/14/14 259/19/19
f 259/19/19 276/14/14 260/15/15
f 259/19/19 260/15/15 243/18/18
f 243/18/18 260/15/15 244/16/16
f 243/18/18 244/16/16 227/17/17
f 580/52/52 572/37/37 642/53/53
f 642/53/53 572/37/37 579/38/38
f 642/53/53 579/38/38 649/68/68
f 649/68/68 579/38/38 587/39/39
f 649/68/68 587/39/39 657/67/67
f 657/67/67 587/39/39 595/40/40
f 657/67/67 595/40/40 665/66/66
f 665/66/66 595/40/40 603/69/69
f 665/66/66 603/70/70 673/65/65
f 673/71/71 603/41/41 611/42/42
f 673/72/72 611/42/42 681/64/64
f 681/64/64 611/42/42 619/43/43
f 681/64/64 619/43/43 689/63/63
f 689/63/63 619/43/43 627/44/44
f 689/63/63 627/44/44 697/62/62
f 697/62/62 627/44/44 632/45/45
f 697/62/62 632/45/45 702/61/61
f 702/61/61 632/45/45 698/60/60
f 698/60/60 632/45/45 628/46/46
f 698/60/60 628/46/46 690/59/59
f 690/59/59 628/46/46 620/47/47
f 690/59/59 620/47/47 682/58/58
f 682/58/58 620/47/47 612/48/48
f 682/58/58 612/48/48 674/57/57
f 674/57/57 612/48/48 604/49/49
f 674/57/57 604/49/49 666/56/56
f 666/56/56 604/49/49 596/50/50
f 666/56/56 596/50/50 658/55/55
f 658/55/55 596/50/50 588/51/51
f 658/55/55 588/51/51 650/54/54
f 650/54/54 588/51/51 580/52/52
f 650/54/54 580/52/52 642/53/53
f 475/88/88 483/73/73 484/89/89
f 484/89/89 483/73/73 473/74/74
f 484/89/89 473/74/74 474/104/104
f 474/104/104 473/74/74 457/75/75
f 474/104/104 457/75/75 458/103/103
f 458/103/103 457/75/75 441/76/76
f 458/103/103 441/76/76 442/102/102
f 442/102/102 441/76/76 425/105/105
f 442/102/102 425/106/106 426/101/101
f 426/107/107 425/77/77 411/78/78
f 426/108/108 411/78/78 403/100/100
f 403/100/100 411/78/78 393/79/79
f 403/100/100 393/79/79 394/99/99
f 394/99/99 393/79/79 377/80/80
f 394/99/99 377/80/80 378/98/98
f 378/98/98 377/80/80 363/81/81
f 378/98/98 363/81/81 364/97/97
f 364/97/97 363/81/81 380/96/96
f 380/96/96 363/81/81 379/82/82
f 380/96/96 379/82/82 396/95/95
f 396/95/95 379/82/82 395/83/83
f 396/95/95 395/83/83 404/94/94
f 404/94/94 395/83/83 412/84/84
f 404/94/94 412/84/84 428/93/93
f 428/93/93 412/84/84 427/85/85
f 428/93/93 427/85/85 444/92/92
f 444/92/92 427/85/85 443/86/86
f 444/92/92 443/86/86 460/91/91
f 460/91/91 443/86/86 459/87/87
f 460/91/91 459/87/87 476/90/90
f 476/90/90 459/87/87 475/88/88
f 476/90/90 475/88/88 484/89/89
f 240/124/124 226/109/109 225/125/125
f 225/125/125 226/109/109 238/110/110
f 225/125/125 238/110/110 237/140/140
f 237/140/140 238/110/110 254/111/111
f 237/140/140 254/111/111 253/139/139
f 253/139/139 254/111/111 270/112/112
f 253/139/139 270/112/112 269/138/138
f 269/138/138 270/112/112 286/141/141
f 269/138/138 286/142/142 285/137/137
f 285/143/143 286/113/113 297/114/114
f 285/144/144 297/114/114 305/136/136
f 305/136/136 297/114/114 318/115/115
f 305/136/136 318/115/115 317/135/135
f 317/135/135 318/115/115 334/116/116
f 317/135/135 334/116/116 333/134/134
f 333/134/134 334/116/116 346/117/117
f 333/134/134 346/117/117 345/133/133
f 345/133/133 346/117/117 335/132/132
f 335/132/132 346/117/117 336/118/118
f 335/132/132 336/118/118 319/131/131
f 319/131/131 336/118/118 320/119/119
f 319/131/131 320/119/119 306/130/130
f 306/130/130 320/119/119 298/120/120
f 306/130/130 298/120/120 287/129/129
f 287/129/129 298/120/120 288/121/121
f 287/129/129 288/121/121 271/128/128
f 271/128/128 288/121/121 272/122/122
f 271/128/128 272/122/122 255/127/127
f 255/127/127 272/122/122 256/123/123
f 255/127/127 256/123/123 239/126/126
f 239/126/126 256/123/123 240/124/124
f 239/126/126 240/124/124 225/125/125
f 578/160/160 571/145/145 641/161/161
f 641/161/161 571/145/145 577/146/146
f 641/161/161 577/146/146 647/176/176
f 647/176/176 577/146/146 585/147/147
f 647/176/176 585/147/147 655/175/175
f 655/175/175 585/147/147 593/148/148
f 655/175/175 593/148/148 663/174/174
f 663/174/174 593/148/148 601/177/177
f 663/174/174 601/178/178 671/173/173
f 671/179/179 601/149/149 609/150/150
f 671/180/180 609/150/150 679/172/172
f 679/172/172 609/150/150 617/151/151
f 679/172/172 617/151/151 687/171/171
f 687/171/171 617/151/151 625/152/152
f 687/171/171 625/152/152 695/170/170
f 695/170/170 625/152/152 631/153/153
f 695/170/170 631/153/153 701/169/169
f 701/169/169 631/153/153 696/168/168
f 696/168/168 631/153/153 626/154/154
f 696/168/168 626/154/154 688/167/167
f 688/167/167 626/154/154 618/155/155
f 688/167/167 618/155/155 680/166/166
f 680/166/166 618/155/155 610/156/156
f 680/166/166 610/156/156 672/165/165
f 672/165/165 610/156/156 602/157/157
f 672/165/165 602/157/157 664/164/164
f 664/164/164 602/157/157 594/158/158
f 664/164/164 594/158/158 656/163/163
f 656/163/163 594/158/158 586/159/159
f 656/163/163 586/159/159 648/162/162
f 648/162/162 586/159/159 578/160/160
f 648/162/162 578/160/160 641/161/161
f 471/196/196 481/181/181 482/197/197
f 482/197/197 481/181/181 469/182/182
f 482/197/197 469/182/182 470/212/212
f 470/212/212 469/182/182 453/183/183
f 470/212/212 453/183/183 454/211/211
f 454/211/211 453/183/183 437/184/184
f 454/211/211 437/184/184 438/210/210
f 438/210/210 437/184/184 421/213/213
f 438/210/210 421/214/214 422/209/209
f 422/215/215 421/185/185 409/186/186
f 422/216/216 409/186/186 401/208/208
f 401/208/208 409/186/186 389/187/187
f 401/208/208 389/187/187 390/207/207
f 390/207/207 389/187/187 373/188/188
f 390/207/207 373/188/188 374/206/206
f 374/206/206 373/188/188 361/189/189
f 374/206/206 361/189/189 362/205/205
f 362/205/205 361/189/189 376/204/204
f 376/204/204 361/189/189 375/190/190
f 376/204/204 375/190/190 392/203/203
f 392/203/203 375/190/190 391/191/191
f 392/203/203 391/191/191 402/202/202
f 402/202/202 391/191/191 410/192/192
f 402/202/202 410/192/192 424/201/201
f 424/201/201 410/192/192 423/193/193
f 424/201/201 423/193/193 440/200/200
f 440/200/200 423/193/193 439/194/194
f 440/200/200 439/194/194 456/199/199
f 456/199/199 439/194/194 455/195/195
f 456/199/199 455/195/195 472/198/198
f 472/198/198 455/195/195 471/196/196
f 472/198/198 471/196/196 482/197/197
f 236/232/232 224/217/217 223/233/233
f 223/233/233 224/217/217 234/218/218
f 223/233/233 234/218/218 233/248/248
f 233/248/248 234/218/218 250/219/219
f 233/248/248 250/219/219 249/247/247
f 249/247/247 250/219/219 266/220/220
f 249/247/247 266/220/220 265/246/246
f 265/246/246 266/220/220 282/249/249
f 265/246/246 282/250/250 281/245/245
f 281/251/251 282/221/221 295/222/222
f 281/252/252 295/222/222 303/244/244
f 303/244/244 295/222/222 314/223/223
f 303/244/244 314/223/223 313/243/243
f 313/243/243 314/223/223 330/224/224
f 313/243/243 330/224/224 329/242/242
f 329/242/242 330/224/224 344/225/225
f 329/242/242 344/225/225 343/241/241
f 343/241/241 344/225/225 331/240/240
f 331/240/240 344/225/225 332/226/226
f 331/240/240 332/226/226 315/239/239
f 315/239/239 332/226/226 316/227/227
f 315/239/239 316/227/227 304/238/238
f 304/238/238 316/227/227 296/228/228
f 304/238/238 296/228/228 283/237/237
f 283/237/237 296/228/228 284/229/229
f 283/237/237 284/229/229 267/236/236
f 267/236/236 284/229/229 268/230/230
f 267/236/236 268/230/230 251/235/235
f 251/235/235 268/230/230 252/231/231
f 251/235/235 252/231/231 235/234/234
f 235/234/234 252/231/231 236/232/232
f 235/234/234 236/232/232 223/233/233
f 576/268/268 570/253/253 640/269/269
f 640/269/269 570/253/253 575/254/254
f 640/269/269 575/254/254 645/284/284
f 645/284/284 575/254/254 583/255/255
f 645/284/284 583/255/255 653/283/283
f 653/283/283 583/255/255 591/256/256
f 653/283/283 591/256/256 661/282/282
f 661/282/282 591/256/256 599/285/285
f 661/282/282 599/286/286 669/281/281
f 669/287/287 599/257/257 607/258/258
f 669/288/288 607/258/258 677/280/280
f 677/280/280 607/258/258 615/259/259
f 677/280/280 615/259/259 685/279/279
f 685/279/279 615/259/259 623/260/260
f 685/279/279 623/260/260 693/278/278
f 693/278/278 623/260/260 630/261/261
f 693/278/278 630/261/261 700/277/277
f 700/277/277 630/261/261 694/276/276
f 694/276/276 630/261/261 624/262/262
f 694/276/276 624/262/262 686/275/275
f 686/275/275 624/262/262 616/263/263
f 686/275/275 616/263/263 678/274/274
f 678/274/274 616/263/263 608/264/264
f 678/274/274 608/264/264 670/273/273
f 670/273/273 608/264/264 600/265/265
f 670/273/273 600/265/265 662/272/272
f 662/272/272 600/265/265 592/266/266
f 662/272/272 592/266/266 654/271/271
f 654/271/271 592/266/266 584/267/267
f 654/271/271 584/267/267 646/270/270
f 646/270/270 584/267/267 576/268/268
f 646/270/270 576/268/268 640/269/269
f 467/304/304 479/289/289 480/305/305
f 480/305/305 479/289/289 465/290/290
f 480/305/305 465/290/290 466/320/320
f 466/320/320 465/290/290 449/291/291
f 466/320/320 449/291/291 450/319/319
f 450/319/319 449/291/291 433/292/292
f 450/319/319 433/292/292 434/318/318
f 434/318/318 433/292/292 417/321/321
f 434/318/318 417/322/322 418/317/317
f 418/323/323 417/293/293 407/294/294
f 418/324/324 407/294/294 399/316/316
f 399/316/316 407/294/294 385/295/295
f 399/316/316 385/295/295 386/315/315
f 386/315/315 385/295/295 369/296/296
f 386/315/315 369/296/296 370/314/314
f 370/314/314 369/296/296 359/297/297
f 370/314/314 359/297/297 360/313/313
f 360/313/313 359/297/297 372/312/312
f 372/312/312 359/297/297 371/298/298
f 372/312/312 371/298/298 388/311/311
f 388/311/311 371/298/298 387/299/299
f 388/311/311 387/299/299 400/310/310
f 400/310/310 387/299/299 408/300/300
f 400/310/310 408/300/300 420/309/309
f 420/309/309 408/300/300 419/301/301
f 420/309/309 419/301/301 436/308/308
f 436/308/308 419/301/301 435/302/302
f 436/308/308 435/302/302 452/307/307
f 452/307/307 435/302/302 451/303/303
f 452/307/307 451/303/303 468/306/306
f 468/306/306 451/303/303 467/304/304
f 468/306/306 467/304/304 480/305/305
f 232/340/340 222/325/325 221/341/341
f 221/341/341 222/325/325 230/326/326
f 221/341/341 230/326/326 229/356/356
f 229/356/356 230/326/326 246/327/327
f 229/356/356 246/327/327 245/355/355
f 245/355/355 246/327/327 262/328/328
f 245/355/355 262/328/328 261/354/354
f 261/354/354 262/328/328 278/357/357
f 261/354/354 278/358/358 277/353/353
f 277/359/359 278/329/329 293/330/330
f 277/360/360 293/330/330 301/352/352
f 301/352/352 293/330/330 310/331/331
f 301/352/352 310/331/331 309/351/351
f 309/351/351 310/331/331 326/332/332
f 309/351/351 326/332/332 325/350/350
f 325/350/350 326/332/332 342/333/333
f 325/350/350 342/333/333 341/349/349
f 341/349/349 342/333/333 327/348/348
f 327/348/348 342/333/333 328/334/334
f 327/348/348 328/334/334 311/347/347
f 311/347/347 328/334/334 312/335/335
f 311/347/347 312/335/335 302/346/346
f 302/346/346 312/335/335 294/336/336
f 302/346/346 294/336/336 279/345/345
f 279/345/345 294/336/336 280/337/337
f 279/345/345 280/337/337 263/344/344
f 263/344/344 280/337/337 264/338/338
f 263/344/344 264/338/338 247/343/343
f 247/343/343 264/338/338 248/339/339
f 247/343/343 248/339/339 231/342/342
f 231/342/342 248/339/339 232/340/340
f 231/342/342 232/340/340 221/341/341
f 574/376/376 569/361/361 639/377/377
f 639/377/377 569/361/361 573/362/362
f 639/377/377 573/362/362 643/392/392
f 643/392/392 573/362/362 581/363/363
f 643/392/392 581/363/363 651/391/391
f 651/391/391 581/363/363 589/364/364
f 651/391/391 589/364/364 659/390/390
f 659/390/390 589/364/364 597/393/393
f 659/390/390 597/394/394 667/389/389
f 667/395/395 597/365/365 605/366/366
f 667/396/396 605/366/366 675/388/388
f 675/388/388 605/366/366 613/367/367
f 675/388/388 613/367/367 683/387/387
f 683/387/387 613/367/367 621/368/368
f 683/387/387 621/368/368 691/386/386
f 691/386/386 621/368/368 629/369/369
f 691/386/386 629/369/369 699/385/385
f 699/385/385 629/369/369 692/384/384
f 692/384/384 629/369/369 622/370/370
f 692/384/384 622/370/370 684/383/383
f 684/383/383 622/370/370 614/371/371
f 684/383/383 614/371/371 676/382/382
f 676/382/382 614/371/371 606/372/372
f 676/382/382 606/372/372 668/381/381
f 668/381/381 606/372/372 598/373/373
f 668/381/381 598/373/373 660/380/380
f 660/380/380 598/373/373 590/374/374
f 660/380/380 590/374/374 652/379/379
f 652/379/379 590/374/374 582/375/375
f 652/379/379 582/375/375 644/378/378
f 644/378/378 582/375/375 574/376/376
f 644/378/378 574/376/376 639/377/377
f 463/412/412 477/397/397 478/413/413
f 478/413/413 477/397/397 461/398/398
f 478/413/413 461/398/398 462/428/428
f 462/428/428 461/398/398 445/399/399
f 462/428/428 445/399/399 446/427/427
f 446/427/427 445/399/399 429/400/400
f 446/427/427 429/400/400 430/426/426
f 430/426/426 429/400/400 413/429/429
f 430/426/426 413/430/430 414/425/425
f 414/431/431 413/401/401 405/402/402
f 414/432/432 405/402/402 397/424/424
f 397/424/424 405/402/402 381/403/403
f 397/424/424 381/403/403 382/423/423
f 382/423/423 381/403/403 365/404/404
f 382/423/423 365/404/404 366/422/422
f 366/422/422 365/404/404 357/405/405
f 366/422/422 357/405/405 358/421/421
f 358/421/421 357/405/405 368/420/420
f 368/420/420 357/405/405 367/406/406
f 368/420/420 367/406/406 384/419/419
f 384/419/419 367/406/406 383/407/407
f 384/419/419 383/407/407 398/418/418
f 398/418/418 383/407/407 406/408/408
f 398/418/418 406/408/408 416/417/417
f 416/417/417 406/408/408 415/409/409
f 416/417/417 415/409/409 432/416/416
f 432/416/416 415/409/409 431/410/410
f 432/416/416 431/410/410 448/415/415
f 448/415/415 431/410/410 447/411/411
f 448/415/415 447/411/411 464/414/414
f 464/414/414 447/411/411 463/412/412
f 464/414/414 463/412/412 478/413/413
f 132/448/448 136/433/433 66/449/449
f 66/449/449 136/433/433 131/434/434
f 66/449/449 131/434/434 61/464/464
f 61/464/464 131/434/434 123/435/435
f 61/464/464 123/435/435 53/463/463
f 53/463/463 123/435/435 115/436/436
f 53/463/463 115/436/436 45/462/462
f 45/462/462 115/436/436 107/465/465
f 45/462/462 107/466/466 37/461/461
f 37/467/467 107/437/437 99/438/438
f 37/468/468 99/438/438 29/460/460
f 29/460/460 99/438/438 91/439/439
f 29/460/460 91/439/439 21/459/459
f 21/459/459 91/439/439 83/440/440
f 21/459/459 83/440/440 13/458/458
f 13/458/458 83/440/440 76/441/441
f 13/458/458 76/441/441 6/457/457
f 6/457/457 76/441/441 14/456/456
f 14/456/456 76/441/441 84/442/442
f 14/456/456 84/442/442 22/455/455
f 22/455/455 84/442/442 92/443/443
f 22/455/455 92/443/443 30/454/454
f 30/454/454 92/443/443 100/444/444
f 30/454/454 100/444/444 38/453/453
f 38/453/453 100/444/444 108/445/445
f 38/453/453 108/445/445 46/452/452
f 46/452/452 108/445/445 116/446/446
f 46/452/452 116/446/446 54/451/451
f 54/451/451 116/446/446 124/447/447
f 54/451/451 124/447/447 62/450/450
f 62/450/450 124/447/447 132/448/448
f 62/450/450 132/448/448 66/449/449
f 130/484/484 135/469/469 65/485/485
f 65/485/485 135/469/469 129/470/470
f 65/485/485 129/470/470 59/500/500
f 59/500/500 129/470/470 121/471/471
f 59/500/500 121/471/471 51/499/499
f 51/499/499 121/471/471 113/472/472
f 51/499/499 113/472/472 43/498/498
f 43/498/498 113/472/472 105/501/501
f 43/498/498 105/502/502 35/497/497
f 35/503/503 105/473/473 97/474/474
f 35/504/504 97/474/474 27/496/496
f 27/496/496 97/474/474 89/475/475
f 27/496/496 89/475/475 19/495/495
f 19/495/495 89/475/475 81/476/476
f 19/495/495 81/476/476 11/494/494
f 11/494/494 81/476/476 75/477/477
f 11/494/494 75/477/477 5/493/493
f 5/493/493 75/477/477 12/492/492
f 12/492/492 75/477/477 82/478/478
f 12/492/492 82/478/478 20/491/491
f 20/491/491 82/478/478 90/479/479
f 20/491/491 90/479/479 28/490/490
f 28/490/490 90/479/479 98/480/480
f 28/490/490 98/480/480 36/489/489
f 36/489/489 98/480/480 106/481/481
f 36/489/489 106/481/481 44/488/488
f 44/488/488 106/481/481 114/482/482
f 44/488/488 114/482/482 52/487/487
f 52/487/487 114/482/482 122/483/483
f 52/487/487 122/483/483 60/486/486
f 60/486/486 122/483/483 130/484/484
f 60/486/486 130/484/484 65/485/485
f 128/520/520 134/505/505 64/521/521
f 64/521/521 134/505/505 127/506/506
f 64/521/521 127/506/506 57/536/536
f 57/536/536 127/506/506 119/507/507
f 57/536/536 119/507/507 49/535/535
f 49/535/535 119/507/507 111/508/508
f 49/535/535 111/508/508 41/534/534
f 41/534/534 111/508/508 103/537/537
f 41/534/534 103/538/538 33/533/533
f 33/539/539 103/509/509 95/510/510
f 33/540/540 95/510/510 25/532/532
f 25/532/532 95/510/510 87/511/511
f 25/532/532 87/511/511 17/531/531
f 17/531/531 87/511/511 79/512/512
f 17/531/531 79/512/512 9/530/530
f 9/530/530 79/512/512 74/513/513
f 9/530/530 74/513/513 4/529/529
f 4/529/529 74/513/513 10/528/528
f 10/528/528 74/513/513 80/514/514
f 10/528/528 80/514/514 18/527/527
f 18/527/527 80/514/514 88/515/515
f 18/527/527 88/515/515 26/526/526
f 26/526/526 88/515/515 96/516/516
f 26/526/526 96/516/516 34/525/525
f 34/525/525 96/516/516 104/517/517
f 34/525/525 104/517/517 42/524/524
f 42/524/524 104/517/517 112/518/518
f 42/524/524 112/518/518 50/523/523
f 50/523/523 112/518/518 120/519/519
f 50/523/523 120/519/519 58/522/522
f 58/522/522 120/519/519 128/520/520
f 58/522/522 128/520/520 64/521/521
f 126/556/556 133/541/541 63/557/557
f 63/557/557 133/541/541 125/542/542
f 63/557/557 125/542/542 55/572/572
f 55/572/572 125/542/542 117/543/543
f 55/572/572 117/543/543 47/571/571
f 47/571/571 117/543/543 109/544/544
f 47/571/571 109/544/544 39/570/570
f 39/570/570 109/544/544 101/573/573
f 39/570/570 101/574/574 31/569/569
f 31/575/575 101/545/545 93/546/546
f 31/576/576 93/546/546 23/568/568
f 23/568/568 93/546/546 85/547/547
f 23/568/568 85/547/547 15/567/567
f 15/567/567 85/547/547 77/548/548
f 15/567/567 77/548/548 7/566/566
f 7/566/566 77/548/548 73/549/549
f 7/566/566 73/549/549 3/565/565
f 3/565/565 73/549/549 8/564/564
f 8/564/564 73/549/549 78/550/550
f 8/564/564 78/550/550 16/563/563
f 16/563/563 78/550/550 86/551/551
f 16/563/563 86/551/551 24/562/562
f 24/562/562 86/551/551 94/552/552
f 24/562/562 94/552/552 32/561/561
f 32/561/561 94/552/552 102/553/553
f 32/561/561 102/553/553 40/560/560
f 40/560/560 102/553/553 110/554/554
f 40/560/560 110/554/554 48/559/559
f 48/559/559 110/554/554 118/555/555
f 48/559/559 118/555/555 56/558/558
f 56/558/558 118/555/555 126/556/556
f 56/558/558 126/556/556 63/557/557
f 244/578/578 219/870/870 228/577/577
f 228/577/577 219/870/870 217/892/892
f 228/577/577 217/892/892 226/625/625
f 226/625/625 217/892/892 224/673/673
f 226/625/625 224/673/673 238/640/640
f 238/640/640 224/673/673 236/674/674
f 238/640/640 236/674/674 254/639/639
f 254/639/639 236/674/674 252/675/675
f 254/639/639 252/675/675 270/638/638
f 270/638/638 252/675/675 268/676/676
f 270/638/638 268/676/676 286/637/637
f 286/637/637 268/676/676 284/677/677
f 286/637/637 284/677/677 297/636/636
f 297/636/636 284/677/677 296/678/678
f 297/636/636 296/678/678 318/635/635
f 318/635/635 296/678/678 316/679/679
f 318/635/635 316/679/679 334/634/634
f 334/634/634 316/679/679 332/680/680
f 334/634/634 332/680/680 346/633/633
f 346/633/633 332/680/680 344/681/681
f 346/633/633 344/681/681 350/893/893
f 350/893/893 344/681/681 342/729/729
f 350/893/893 342/729/729 326/730/730
f 244/578/578 260/579/579 219/870/870
f 219/870/870 260/579/579 354/869/869
f 354/869/869 260/579/579 276/580/580
f 354/869/869 276/580/580 292/581/581
f 292/581/581 300/582/582 354/869/869
f 354/869/869 300/582/582 324/583/583
f 354/869/869 324/583/583 340/584/584
f 340/584/584 348/585/585 354/869/869
f 354/869/869 348/585/585 350/893/893
f 354/869/869 350/893/893 485/894/894
f 338/586/586 336/632/632 348/585/585
f 348/585/585 336/632/632 346/633/633
f 348/585/585 346/633/633 350/893/893
f 336/632/632 338/586/586 320/631/631
f 320/631/631 338/586/586 322/587/587
f 320/631/631 322/587/587 298/630/630
f 298/630/630 322/587/587 299/588/588
f 298/630/630 299/588/588 288/629/629
f 288/629/629 299/588/588 290/589/589
f 288/629/629 290/589/589 272/628/628
f 272/628/628 290/589/589 274/590/590
f 272/628/628 274/590/590 256/627/627
f 256/627/627 274/590/590 258/591/591
f 256/627/627 258/591/591 240/626/626
f 240/626/626 258/591/591 242/592/592
f 240/626/626 242/592/592 226/625/625
f 226/625/625 242/592/592 228/577/577
f 580/594/594 567/858/858 572/593/593
f 572/593/593 567/858/858 565/904/904
f 572/593/593 565/904/904 571/641/641
f 571/641/641 565/904/904 570/689/689
f 571/641/641 570/689/689 577/656/656
f 577/656/656 570/689/689 576/690/690
f 577/656/656 576/690/690 585/655/655
f 585/655/655 576/690/690 584/691/691
f 585/655/655 584/691/691 593/654/654
f 593/654/654 584/691/691 592/692/692
f 593/654/654 592/692/692 601/653/653
f 601/653/653 592/692/692 600/693/693
f 601/653/653 600/693/693 609/652/652
f 609/652/652 600/693/693 608/694/694
f 609/652/652 608/694/694 617/651/651
f 617/651/651 608/694/694 616/695/695
f 617/651/651 616/695/695 625/650/650
f 625/650/650 616/695/695 624/696/696
f 625/650/650 624/696/696 631/649/649
f 631/649/649 624/696/696 630/697/697
f 631/649/649 630/697/697 633/905/905
f 633/905/905 630/697/697 629/745/745
f 633/905/905 629/745/745 621/746/746
f 580/594/594 588/595/595 567/858/858
f 567/858/858 588/595/595 634/857/857
f 634/857/857 588/595/595 596/596/596
f 634/857/857 596/596/596 604/597/597
f 604/597/597 612/598/598 634/857/857
f 634/857/857 612/598/598 620/599/599
f 634/857/857 620/599/599 628/600/600
f 628/600/600 632/601/601 634/857/857
f 634/857/857 632/601/601 633/905/905
f 634/857/857 633/905/905 566/906/906
f 627/602/602 626/648/648 632/601/601
f 632/601/601 626/648/648 631/649/649
f 632/601/601 631/649/649 633/905/905
f 626/648/648 627/602/602 618/647/647
f 618/647/647 627/602/602 619/603/603
f 618/647/647 619/603/603 610/646/646
f 610/646/646 619/603/603 611/604/604
f 610/646/646 611/604/604 602/645/645
f 602/645/645 611/604/604 603/605/605
f 602/645/645 603/605/605 594/644/644
f 594/644/644 603/605/605 595/606/606
f 594/644/644 595/606/606 586/643/643
f 586/643/643 595/606/606 587/607/607
f 586/643/643 587/607/607 579/608/608
f 572/593/593 571/641/641 579/608/608
f 579/608/608 571/641/641 578/642/642
f 579/608/608 578/642/642 586/643/643
f 475/610/610 488/846/846 483/609/609
f 483/609/609 488/846/846 486/916/916
f 483/609/609 486/916/916 481/657/657
f 481/657/657 486/916/916 479/705/705
f 481/657/657 479/705/705 469/672/672
f 469/672/672 479/705/705 467/706/706
f 469/672/672 467/706/706 453/671/671
f 453/671/671 467/706/706 451/707/707
f 453/671/671 451/707/707 437/670/670
f 437/670/670 451/707/707 435/708/708
f 437/670/670 435/708/708 421/669/669
f 421/669/669 435/708/708 419/709/709
f 421/669/669 419/709/709 409/668/668
f 409/668/668 419/709/709 408/710/710
f 409/668/668 408/710/710 389/667/667
f 389/667/667 408/710/710 387/711/711
f 389/667/667 387/711/711 373/666/666
f 373/666/666 387/711/711 371/712/712
f 373/666/666 371/712/712 361/665/665
f 361/665/665 371/712/712 359/713/713
f 361/665/665 359/713/713 351/917/917
f 351/917/917 359/713/713 357/761/761
f 351/917/917 357/761/761 365/762/762
f 475/610/610 459/611/611 488/846/846
f 488/846/846 459/611/611 355/845/845
f 355/845/845 459/611/611 443/612/612
f 355/845/845 443/612/612 427/613/613
f 427/613/613 412/614/614 355/845/845
f 355/845/845 412/614/614 395/615/615
f 355/845/845 395/615/615 379/616/616
f 379/616/616 363/617/617 355/845/845
f 355/845/845 363/617/617 351/917/917
f 355/845/845 351/917/917 218/918/918
f 377/618/618 375/664/664 363/617/617
f 363/617/617 375/664/664 361/665/665
f 363/617/617 361/665/665 351/917/917
f 375/664/664 377/618/618 391/663/663
f 391/663/663 377/618/618 393/619/619
f 391/663/663 393/619/619 410/662/662
f 410/662/662 393/619/619 411/620/620
f 410/662/662 411/620/620 423/661/661
f 423/661/661 411/620/620 425/621/621
f 423/661/661 425/621/621 439/660/660
f 439/660/660 425/621/621 441/622/622
f 439/660/660 441/622/622 455/659/659
f 455/659/659 441/622/622 457/623/623
f 455/659/659 457/623/623 471/658/658
f 471/658/658 457/623/623 473/624/624
f 471/658/658 473/624/624 481/657/657
f 481/657/657 473/624/624 483/609/609
f 344/681/681 330/682/682 342/729/729
f 342/729/729 330/682/682 328/728/728
f 328/728/728 330/682/682 314/683/683
f 328/728/728 314/683/683 312/727/727
f 312/727/727 314/683/683 295/684/684
f 312/727/727 295/684/684 294/726/726
f 294/726/726 295/684/684 282/685/685
f 294/726/726 282/685/685 280/725/725
f 280/725/725 282/685/685 264/724/724
f 264/724/724 282/685/685 266/686/686
f 264/724/724 266/686/686 248/723/723
f 248/723/723 266/686/686 250/687/687
f 248/723/723 250/687/687 232/722/722
f 232/722/722 250/687/687 234/688/688
f 232/722/722 234/688/688 222/721/721
f 222/721/721 234/688/688 224/673/673
f 222/721/721 224/673/673 217/892/892
f 630/697/697 623/698/698 629/745/745
f 629/745/745 623/698/698 622/744/744
f 622/744/744 623/698/698 615/699/699
f 622/744/744 615/699/699 614/743/743
f 614/743/743 615/699/699 607/700/700
f 614/743/743 607/700/700 606/742/742
f 606/742/742 607/700/700 599/701/701
f 606/742/742 599/701/701 598/741/741
f 598/741/741 599/701/701 590/740/740
f 590/740/740 599/701/701 591/702/702
f 590/740/740 591/702/702 582/739/739
f 582/739/739 591/702/702 583/703/703
f 582/739/739 583/703/703 574/738/738
f 574/738/738 583/703/703 575/704/704
f 574/738/738 575/704/704 569/737/737
f 569/737/737 575/704/704 570/689/689
f 569/737/737 570/689/689 565/904/904
f 359/713/713 369/714/714 357/761/761
f 357/761/761 369/714/714 367/760/760
f 367/760/760 369/714/714 385/715/715
f 367/760/760 385/715/715 383/759/759
f 383/759/759 385/715/715 407/716/716
f 383/759/759 407/716/716 406/758/758
f 406/758/758 407/716/716 417/717/717
f 406/758/758 417/717/717 415/757/757
f 415/757/757 417/717/717 431/756/756
f 431/756/756 417/717/717 433/718/718
f 431/756/756 433/718/718 447/755/755
f 447/755/755 433/718/718 449/719/719
f 447/755/755 449/719/719 463/754/754
f 463/754/754 449/719/719 465/720/720
f 463/754/754 465/720/720 477/753/753
f 477/753/753 465/720/720 479/705/705
f 477/753/753 479/705/705 486/916/916
f 326/730/730 310/731/731 350/893/893
f 350/893/893 310/731/731 293/732/732
f 350/893/893 293/732/732 278/733/733
f 278/733/733 262/734/734 350/893/893
f 350/893/893 262/734/734 246/735/735
f 350/893/893 246/735/735 217/892/892
f 217/892/892 246/735/735 230/736/736
f 217/892/892 230/736/736 222/721/721
f 621/746/746 613/747/747 633/905/905
f 633/905/905 613/747/747 605/748/748
f 633/905/905 605/748/748 597/749/749
f 597/749/749 589/750/750 633/905/905
f 633/905/905 589/750/750 581/751/751
f 633/905/905 581/751/751 565/904/904
f 565/904/904 581/751/751 573/752/752
f 565/904/904 573/752/752 569/737/737
f 365/762/762 381/763/763 351/917/917
f 351/917/917 381/763/763 405/764/764
f 351/917/917 405/764/764 413/765/765
f 413/765/765 429/766/766 351/917/917
f 351/917/917 429/766/766 445/767/767
f 351/917/917 445/767/767 486/916/916
f 486/916/916 445/767/767 461/768/768
f 486/916/916 461/768/768 477/753/753
f 132/770/770 140/834/834 136/769/769
f 136/769/769 140/834/834 138/928/928
f 136/769/769 138/928/928 135/785/785
f 135/785/785 138/928/928 134/801/801
f 135/785/785 134/801/801 129/800/800
f 129/800/800 134/801/801 128/802/802
f 129/800/800 128/802/802 121/799/799
f 121/799/799 128/802/802 120/803/803
f 121/799/799 120/803/803 113/798/798
f 113/798/798 120/803/803 112/804/804
f 113/798/798 112/804/804 105/797/797
f 105/797/797 112/804/804 104/805/805
f 105/797/797 104/805/805 97/796/796
f 97/796/796 104/805/805 96/806/806
f 97/796/796 96/806/806 89/795/795
f 89/795/795 96/806/806 88/807/807
f 89/795/795 88/807/807 81/794/794
f 81/794/794 88/807/807 80/808/808
f 81/794/794 80/808/808 75/793/793
f 75/793/793 80/808/808 74/809/809
f 75/793/793 74/809/809 71/929/929
f 71/930/930 74/809/809 73/825/825
f 71/931/931 73/825/825 77/826/826
f 132/770/770 124/771/771 140/834/834
f 140/834/834 124/771/771 72/833/833
f 72/833/833 124/771/771 116/772/772
f 72/833/833 116/772/772 108/773/773
f 108/773/773 100/774/774 72/833/833
f 72/833/833 100/774/774 92/775/775
f 72/833/833 92/775/775 84/776/776
f 84/776/776 76/777/777 72/833/833
f 72/833/833 76/777/777 71/932/932
f 72/933/933 71/881/881 139/880/880
f 139/880/880 71/881/881 137/882/882
f 139/880/880 137/882/882 145/883/883
f 83/778/778 82/792/792 76/777/777
f 76/777/777 82/792/792 75/793/793
f 76/777/777 75/793/793 71/934/934
f 82/792/792 83/778/778 90/791/791
f 90/791/791 83/778/778 91/779/779
f 90/791/791 91/779/779 98/790/790
f 98/790/790 91/779/779 99/780/780
f 98/790/790 99/780/780 106/789/789
f 106/789/789 99/780/780 107/781/781
f 106/789/789 107/781/781 114/788/788
f 114/788/788 107/781/781 115/782/782
f 114/788/788 115/782/782 122/787/787
f 122/787/787 115/782/782 123/783/783
f 122/787/787 123/783/783 130/786/786
f 130/786/786 123/783/783 131/784/784
f 130/786/786 131/784/784 135/785/785
f 135/785/785 131/784/784 136/769/769
f 74/809/809 79/810/810 73/825/825
f 73/825/825 79/810/810 78/824/824
f 78/824/824 79/810/810 87/811/811
f 78/824/824 87/811/811 86/823/823
f 86/823/823 87/811/811 95/812/812
f 86/823/823 95/812/812 94/822/822
f 94/822/822 95/812/812 103/813/813
f 94/822/822 103/813/813 102/821/821
f 102/821/821 103/813/813 110/820/820
f 110/820/820 103/813/813 111/814/814
f 110/820/820 111/814/814 118/819/819
f 118/819/819 111/814/814 119/815/815
f 118/819/819 119/815/815 126/818/818
f 126/818/818 119/815/815 127/816/816
f 126/818/818 127/816/816 133/817/817
f 133/817/817 127/816/816 134/801/801
f 133/817/817 134/801/801 138/928/928
f 77/826/826 85/827/827 71/935/935
f 71/936/936 85/827/827 93/828/828
f 71/937/937 93/828/828 101/829/829
f 101/829/829 109/830/830 71/938/938
f 71/939/939 109/830/830 117/831/831
f 71/940/940 117/831/831 138/928/928
f 138/928/928 117/831/831 125/832/832
f 138/928/928 125/832/832 133/817/817
f 140/834/834 148/835/835 138/928/928
f 138/928/928 148/835/835 146/927/927
f 146/927/927 148/835/835 156/836/836
f 146/927/927 156/836/836 154/926/926
f 154/926/926 156/836/836 164/837/837
f 154/926/926 164/837/837 162/925/925
f 162/925/925 164/837/837 172/838/838
f 162/925/925 172/838/838 170/924/924
f 170/924/924 172/838/838 180/839/839
f 170/924/924 180/839/839 178/923/923
f 178/923/923 180/839/839 188/840/840
f 178/923/923 188/840/840 186/922/922
f 186/922/922 188/840/840 196/841/841
f 186/922/922 196/841/841 194/921/921
f 194/921/921 196/841/841 204/842/842
f 194/921/921 204/842/842 202/920/920
f 202/920/920 204/842/842 212/843/843
f 202/920/920 212/843/843 210/919/919
f 210/919/919 212/843/843 220/844/844
f 210/919/919 220/844/844 218/918/918
f 218/918/918 220/844/844 355/845/845
f 488/846/846 496/847/847 486/916/916
f 486/916/916 496/847/847 494/915/915
f 494/915/915 496/847/847 504/848/848
f 494/915/915 504/848/848 502/914/914
f 502/914/914 504/848/848 512/849/849
f 502/914/914 512/849/849 510/913/913
f 510/913/913 512/849/849 520/850/850
f 510/913/913 520/850/850 518/912/912
f 518/912/912 520/850/850 528/851/851
f 518/912/912 528/851/851 526/911/911
f 526/911/911 528/851/851 536/852/852
f 526/911/911 536/852/852 534/910/910
f 534/910/910 536/852/852 544/853/853
f 534/910/910 544/853/853 542/909/909
f 542/909/909 544/853/853 552/854/854
f 542/909/909 552/854/854 550/908/908
f 550/908/908 552/854/854 560/855/855
f 550/908/908 560/855/855 558/907/907
f 558/907/907 560/855/855 568/856/856
f 558/907/907 568/856/856 566/906/906
f 566/906/906 568/856/856 634/857/857
f 567/858/858 559/859/859 565/904/904
f 565/904/904 559/859/859 557/903/903
f 557/903/903 559/859/859 551/860/860
f 557/903/903 551/860/860 549/902/902
f 549/902/902 551/860/860 543/861/861
f 549/902/902 543/861/861 541/901/901
f 541/901/901 543/861/861 535/862/862
f 541/901/901 535/862/862 533/900/900
f 533/900/900 535/862/862 527/863/863
f 533/900/900 527/863/863 525/899/899
f 525/899/899 527/863/863 519/864/864
f 525/899/899 519/864/864 517/898/898
f 517/898/898 519/864/864 511/865/865
f 517/898/898 511/865/865 509/897/897
f 509/897/897 511/865/865 503/866/866
f 509/897/897 503/866/866 501/896/896
f 501/896/896 503/866/866 495/867/867
f 501/896/896 495/867/867 493/895/895
f 493/895/895 495/867/867 487/868/868
f 493/895/895 487/868/868 485/894/894
f 485/894/894 487/868/868 354/869/869
f 219/870/870 211/871/871 217/892/892
f 217/892/892 211/871/871 209/891/891
f 209/891/891 211/871/871 203/872/872
f 209/891/891 203/872/872 201/890/890
f 201/890/890 203/872/872 195/873/873
f 201/890/890 195/873/873 193/889/889
f 193/889/889 195/873/873 187/874/874
f 193/889/889 187/874/874 185/888/888
f 185/888/888 187/874/874 179/875/875
f 185/888/888 179/875/875 177/887/887
f 177/887/887 179/875/875 171/876/876
f 177/887/887 171/876/876 169/886/886
f 169/886/886 171/876/876 163/877/877
f 169/886/886 163/877/877 161/885/885
f 161/885/885 163/877/877 155/878/878
f 161/885/885 155/878/878 153/884/884
f 153/884/884 155/878/878 147/879/879
f 153/884/884 147/879/879 145/883/883
f 145/883/883 147/879/879 139/880/880
f 241/942/942 239/1004/1004 227/941/941
f 227/941/941 239/1004/1004 225/989/989
f 227/941/941 225/989/989 213/1282/1282
f 213/1282/1282 225/989/989 223/1037/1037
f 213/1282/1282 223/1037/1037 221/1085/1085
f 221/1085/1085 223/1037/1037 233/1038/1038
f 221/1085/1085 233/1038/1038 231/1100/1100
f 231/1100/1100 233/1038/1038 249/1039/1039
f 231/1100/1100 249/1039/1039 247/1099/1099
f 247/1099/1099 249/1039/1039 265/1040/1040
f 247/1099/1099 265/1040/1040 263/1098/1098
f 263/1098/1098 265/1040/1040 281/1041/1041
f 263/1098/1098 281/1041/1041 279/1097/1097
f 279/1097/1097 281/1041/1041 302/1096/1096
f 302/1096/1096 281/1041/1041 303/1042/1042
f 302/1096/1096 303/1042/1042 311/1095/1095
f 311/1095/1095 303/1042/1042 313/1043/1043
f 311/1095/1095 313/1043/1043 327/1094/1094
f 327/1094/1094 313/1043/1043 329/1044/1044
f 327/1094/1094 329/1044/1044 341/1093/1093
f 341/1093/1093 329/1044/1044 343/1045/1045
f 341/1093/1093 343/1045/1045 349/1281/1281
f 349/1281/1281 343/1045/1045 345/997/997
f 349/1281/1281 345/997/997 347/949/949
f 347/949/949 345/997/997 337/948/948
f 337/948/948 345/997/997 335/998/998
f 337/948/948 335/998/998 321/947/947
f 321/947/947 335/998/998 319/999/999
f 321/947/947 319/999/999 307/946/946
f 307/946/946 319/999/999 306/1000/1000
f 307/946/946 306/1000/1000 289/945/945
f 289/945/945 306/1000/1000 287/1001/1001
f 289/945/945 287/1001/1001 273/944/944
f 273/944/944 287/1001/1001 271/1002/1002
f 273/944/944 271/1002/1002 257/943/943
f 257/943/943 271/1002/1002 255/1003/1003
f 257/943/943 255/1003/1003 241/942/942
f 241/942/942 255/1003/1003 239/1004/1004
f 349/1281/1281 347/949/949 353/1209/1209
f 353/1209/1209 347/949/949 339/950/950
f 353/1209/1209 339/950/950 323/951/951
f 323/951/951 308/952/952 353/1209/1209
f 353/1209/1209 308/952/952 291/953/953
f 353/1209/1209 291/953/953 275/954/954
f 275/954/954 259/955/955 353/1209/1209
f 353/1209/1209 259/955/955 215/1208/1208
f 215/1208/1208 259/955/955 243/956/956
f 215/1208/1208 243/956/956 227/941/941
f 649/958/958 648/1020/1020 642/957/957
f 642/957/957 648/1020/1020 641/1005/1005
f 642/957/957 641/1005/1005 635/1270/1270
f 635/1270/1270 641/1005/1005 640/1053/1053
f 635/1270/1270 640/1053/1053 639/1101/1101
f 639/1101/1101 640/1053/1053 645/1054/1054
f 639/1101/1101 645/1054/1054 644/1116/1116
f 644/1116/1116 645/1054/1054 653/1055/1055
f 644/1116/1116 653/1055/1055 652/1115/1115
f 652/1115/1115 653/1055/1055 661/1056/1056
f 652/1115/1115 661/1056/1056 660/1114/1114
f 660/1114/1114 661/1056/1056 669/1057/1057
f 660/1114/1114 669/1057/1057 668/1113/1113
f 668/1113/1113 669/1057/1057 676/1112/1112
f 676/1112/1112 669/1057/1057 677/1058/1058
f 676/1112/1112 677/1058/1058 684/1111/1111
f 684/1111/1111 677/1058/1058 685/1059/1059
f 684/1111/1111 685/1059/1059 692/1110/1110
f 692/1110/1110 685/1059/1059 693/1060/1060
f 692/1110/1110 693/1060/1060 699/1109/1109
f 699/1109/1109 693/1060/1060 700/1061/1061
f 699/1109/1109 700/1061/1061 703/1269/1269
f 703/1269/1269 700/1061/1061 701/1013/1013
f 703/1269/1269 701/1013/1013 702/965/965
f 702/965/965 701/1013/1013 697/964/964
f 697/964/964 701/1013/1013 696/1014/1014
f 697/964/964 696/1014/1014 689/963/963
f 689/963/963 696/1014/1014 688/1015/1015
f 689/963/963 688/1015/1015 681/962/962
f 681/962/962 688/1015/1015 680/1016/1016
f 681/962/962 680/1016/1016 673/961/961
f 673/961/961 680/1016/1016 672/1017/1017
f 673/961/961 672/1017/1017 665/960/960
f 665/960/960 672/1017/1017 664/1018/1018
f 665/960/960 664/1018/1018 657/959/959
f 657/959/959 664/1018/1018 656/1019/1019
f 657/959/959 656/1019/1019 649/958/958
f 649/958/958 656/1019/1019 648/1020/1020
f 703/1269/1269 702/965/965 704/1293/1293
f 704/1294/1294 702/965/965 698/966/966
f 704/1295/1295 698/966/966 690/967/967
f 690/967/967 682/968/968 704/1296/1296
f 704/1297/1297 682/968/968 674/969/969
f 704/1298/1298 674/969/969 666/970/970
f 666/970/970 658/971/971 704/1299/1299
f 704/1300/1300 658/971/971 637/1220/1220
f 637/1220/1220 658/971/971 650/972/972
f 637/1220/1220 650/972/972 642/957/957
f 474/974/974 472/1036/1036 484/973/973
f 484/973/973 472/1036/1036 482/1021/1021
f 484/973/973 482/1021/1021 490/1258/1258
f 490/1258/1258 482/1021/1021 480/1069/1069
f 490/1258/1258 480/1069/1069 478/1117/1117
f 478/1117/1117 480/1069/1069 466/1070/1070
f 478/1117/1117 466/1070/1070 464/1132/1132
f 464/1132/1132 466/1070/1070 450/1071/1071
f 464/1132/1132 450/1071/1071 448/1131/1131
f 448/1131/1131 450/1071/1071 434/1072/1072
f 448/1131/1131 434/1072/1072 432/1130/1130
f 432/1130/1130 434/1072/1072 418/1073/1073
f 432/1130/1130 418/1073/1073 416/1129/1129
f 416/1129/1129 418/1073/1073 398/1128/1128
f 398/1128/1128 418/1073/1073 399/1074/1074
f 398/1128/1128 399/1074/1074 384/1127/1127
f 384/1127/1127 399/1074/1074 386/1075/1075
f 384/1127/1127 386/1075/1075 368/1126/1126
f 368/1126/1126 386/1075/1075 370/1076/1076
f 368/1126/1126 370/1076/1076 358/1125/1125
f 358/1125/1125 370/1076/1076 360/1077/1077
f 358/1125/1125 360/1077/1077 352/1257/1257
f 352/1257/1257 360/1077/1077 362/1029/1029
f 352/1257/1257 362/1029/1029 364/981/981
f 364/981/981 362/1029/1029 378/980/980
f 378/980/980 362/1029/1029 376/1030/1030
f 378/980/980 376/1030/1030 394/979/979
f 394/979/979 376/1030/1030 392/1031/1031
f 394/979/979 392/1031/1031 403/978/978
f 403/978/978 392/1031/1031 402/1032/1032
f 403/978/978 402/1032/1032 426/977/977
f 426/977/977 402/1032/1032 424/1033/1033
f 426/977/977 424/1033/1033 442/976/976
f 442/976/976 424/1033/1033 440/1034/1034
f 442/976/976 440/1034/1034 458/975/975
f 458/975/975 440/1034/1034 456/1035/1035
f 458/975/975 456/1035/1035 474/974/974
f 474/974/974 456/1035/1035 472/1036/1036
f 352/1257/1257 364/981/981 356/1233/1233
f 356/1233/1233 364/981/981 380/982/982
f 356/1233/1233 380/982/982 396/983/983
f 396/983/983 404/984/984 356/1233/1233
f 356/1233/1233 404/984/984 428/985/985
f 356/1233/1233 428/985/985 444/986/986
f 444/986/986 460/987/987 356/1233/1233
f 356/1233/1233 460/987/987 492/1232/1232
f 492/1232/1232 460/987/987 476/988/988
f 492/1232/1232 476/988/988 484/973/973
f 225/989/989 237/990/990 223/1037/1037
f 223/1037/1037 237/990/990 235/1052/1052
f 235/1052/1052 237/990/990 253/991/991
f 235/1052/1052 253/991/991 251/1051/1051
f 251/1051/1051 253/991/991 269/992/992
f 251/1051/1051 269/992/992 267/1050/1050
f 267/1050/1050 269/992/992 285/993/993
f 267/1050/1050 285/993/993 283/1049/1049
f 283/1049/1049 285/993/993 305/994/994
f 283/1049/1049 305/994/994 304/1048/1048
f 304/1048/1048 305/994/994 317/995/995
f 304/1048/1048 317/995/995 315/1047/1047
f 315/1047/1047 317/995/995 333/996/996
f 315/1047/1047 333/996/996 331/1046/1046
f 331/1046/1046 333/996/996 345/997/997
f 331/1046/1046 345/997/997 343/1045/1045
f 641/1005/1005 647/1006/1006 640/1053/1053
f 640/1053/1053 647/1006/1006 646/1068/1068
f 646/1068/1068 647/1006/1006 655/1007/1007
f 646/1068/1068 655/1007/1007 654/1067/1067
f 654/1067/1067 655/1007/1007 663/1008/1008
f 654/1067/1067 663/1008/1008 662/1066/1066
f 662/1066/1066 663/1008/1008 671/1009/1009
f 662/1066/1066 671/1009/1009 670/1065/1065
f 670/1065/1065 671/1009/1009 679/1010/1010
f 670/1065/1065 679/1010/1010 678/1064/1064
f 678/1064/1064 679/1010/1010 687/1011/1011
f 678/1064/1064 687/1011/1011 686/1063/1063
f 686/1063/1063 687/1011/1011 695/1012/1012
f 686/1063/1063 695/1012/1012 694/1062/1062
f 694/1062/1062 695/1012/1012 701/1013/1013
f 694/1062/1062 701/1013/1013 700/1061/1061
f 482/1021/1021 470/1022/1022 480/1069/1069
f 480/1069/1069 470/1022/1022 468/1084/1084
f 468/1084/1084 470/1022/1022 454/1023/1023
f 468/1084/1084 454/1023/1023 452/1083/1083
f 452/1083/1083 454/1023/1023 438/1024/1024
f 452/1083/1083 438/1024/1024 436/1082/1082
f 436/1082/1082 438/1024/1024 422/1025/1025
f 436/1082/1082 422/1025/1025 420/1081/1081
f 420/1081/1081 422/1025/1025 401/1026/1026
f 420/1081/1081 401/1026/1026 400/1080/1080
f 400/1080/1080 401/1026/1026 390/1027/1027
f 400/1080/1080 390/1027/1027 388/1079/1079
f 388/1079/1079 390/1027/1027 374/1028/1028
f 388/1079/1079 374/1028/1028 372/1078/1078
f 372/1078/1078 374/1028/1028 362/1029/1029
f 372/1078/1078 362/1029/1029 360/1077/1077
f 221/1085/1085 229/1086/1086 213/1282/1282
f 213/1282/1282 229/1086/1086 245/1087/1087
f 213/1282/1282 245/1087/1087 349/1281/1281
f 349/1281/1281 245/1087/1087 261/1088/1088
f 349/1281/1281 261/1088/1088 277/1089/1089
f 277/1089/1089 301/1090/1090 349/1281/1281
f 349/1281/1281 301/1090/1090 309/1091/1091
f 349/1281/1281 309/1091/1091 325/1092/1092
f 325/1092/1092 341/1093/1093 349/1281/1281
f 639/1101/1101 643/1102/1102 635/1270/1270
f 635/1270/1270 643/1102/1102 651/1103/1103
f 635/1270/1270 651/1103/1103 703/1269/1269
f 703/1269/1269 651/1103/1103 659/1104/1104
f 703/1269/1269 659/1104/1104 667/1105/1105
f 667/1105/1105 675/1106/1106 703/1269/1269
f 703/1269/1269 675/1106/1106 683/1107/1107
f 703/1269/1269 683/1107/1107 691/1108/1108
f 691/1108/1108 699/1109/1109 703/1269/1269
f 478/1117/1117 462/1118/1118 490/1258/1258
f 490/1258/1258 462/1118/1118 446/1119/1119
f 490/1258/1258 446/1119/1119 352/1257/1257
f 352/1257/1257 446/1119/1119 430/1120/1120
f 352/1257/1257 430/1120/1120 414/1121/1121
f 414/1121/1121 397/1122/1122 352/1257/1257
f 352/1257/1257 397/1122/1122 382/1123/1123
f 352/1257/1257 382/1123/1123 366/1124/1124
f 366/1124/1124 358/1125/1125 352/1257/1257
f 61/1134/1134 60/1164/1164 66/1133/1133
f 66/1133/1133 60/1164/1164 65/1149/1149
f 66/1133/1133 65/1149/1149 68/1246/1246
f 68/1246/1246 65/1149/1149 64/1165/1165
f 68/1246/1246 64/1165/1165 63/1181/1181
f 63/1181/1181 64/1165/1165 57/1166/1166
f 63/1181/1181 57/1166/1166 56/1196/1196
f 56/1196/1196 57/1166/1166 49/1167/1167
f 56/1196/1196 49/1167/1167 48/1195/1195
f 48/1195/1195 49/1167/1167 41/1168/1168
f 48/1195/1195 41/1168/1168 40/1194/1194
f 40/1194/1194 41/1168/1168 33/1169/1169
f 40/1194/1194 33/1169/1169 32/1193/1193
f 32/1193/1193 33/1169/1169 24/1192/1192
f 24/1192/1192 33/1169/1169 25/1170/1170
f 24/1192/1192 25/1170/1170 16/1191/1191
f 16/1191/1191 25/1170/1170 17/1171/1171
f 16/1191/1191 17/1171/1171 8/1190/1190
f 8/1190/1190 17/1171/1171 9/1172/1172
f 8/1190/1190 9/1172/1172 3/1189/1189
f 3/1189/1189 9/1172/1172 4/1173/1173
f 3/1189/1189 4/1173/1173 1/1245/1245
f 1/1245/1245 4/1173/1173 5/1157/1157
f 1/1245/1245 5/1157/1157 6/1141/1141
f 6/1141/1141 5/1157/1157 13/1140/1140
f 13/1140/1140 5/1157/1157 12/1158/1158
f 13/1140/1140 12/1158/1158 21/1139/1139
f 21/1139/1139 12/1158/1158 20/1159/1159
f 21/1139/1139 20/1159/1159 29/1138/1138
f 29/1138/1138 20/1159/1159 28/1160/1160
f 29/1138/1138 28/1160/1160 37/1137/1137
f 37/1137/1137 28/1160/1160 36/1161/1161
f 37/1137/1137 36/1161/1161 45/1136/1136
f 45/1136/1136 36/1161/1161 44/1162/1162
f 45/1136/1136 44/1162/1162 53/1135/1135
f 53/1135/1135 44/1162/1162 52/1163/1163
f 53/1135/1135 52/1163/1163 61/1134/1134
f 61/1134/1134 52/1163/1163 60/1164/1164
f 1/1245/1245 6/1141/1141 2/1197/1197
f 2/1197/1197 6/1141/1141 14/1142/1142
f 2/1197/1197 14/1142/1142 22/1143/1143
f 22/1143/1143 30/1144/1144 2/1197/1197
f 2/1197/1197 30/1144/1144 38/1145/1145
f 2/1197/1197 38/1145/1145 46/1146/1146
f 46/1146/1146 54/1147/1147 2/1197/1197
f 2/1197/1197 54/1147/1147 70/1244/1244
f 70/1244/1244 54/1147/1147 62/1148/1148
f 70/1244/1244 62/1148/1148 66/1133/1133
f 65/1149/1149 59/1150/1150 64/1165/1165
f 64/1165/1165 59/1150/1150 58/1180/1180
f 58/1180/1180 59/1150/1150 51/1151/1151
f 58/1180/1180 51/1151/1151 50/1179/1179
f 50/1179/1179 51/1151/1151 43/1152/1152
f 50/1179/1179 43/1152/1152 42/1178/1178
f 42/1178/1178 43/1152/1152 35/1153/1153
f 42/1178/1178 35/1153/1153 34/1177/1177
f 34/1177/1177 35/1153/1153 27/1154/1154
f 34/1177/1177 27/1154/1154 26/1176/1176
f 26/1176/1176 27/1154/1154 19/1155/1155
f 26/1176/1176 19/1155/1155 18/1175/1175
f 18/1175/1175 19/1155/1155 11/1156/1156
f 18/1175/1175 11/1156/1156 10/1174/1174
f 10/1174/1174 11/1156/1156 5/1157/1157
f 10/1174/1174 5/1157/1157 4/1173/1173
f 63/1181/1181 55/1182/1182 68/1246/1246
f 68/1246/1246 55/1182/1182 47/1183/1183
f 68/1246/1246 47/1183/1183 1/1245/1245
f 1/1245/1245 47/1183/1183 39/1184/1184
f 1/1245/1245 39/1184/1184 31/1185/1185
f 31/1185/1185 23/1186/1186 1/1245/1245
f 1/1245/1245 23/1186/1186 15/1187/1187
f 1/1245/1245 15/1187/1187 7/1188/1188
f 7/1188/1188 3/1189/1189 1/1245/1245
f 1/1245/1245 2/1197/1197 67/1292/1292
f 67/1292/1292 2/1197/1197 69/1198/1198
f 67/1292/1292 69/1198/1198 141/1291/1291
f 141/1291/1291 69/1198/1198 143/1199/1199
f 141/1291/1291 143/1199/1199 149/1290/1290
f 149/1290/1290 143/1199/1199 151/1200/1200
f 149/1290/1290 151/1200/1200 157/1289/1289
f 157/1289/1289 151/1200/1200 159/1201/1201
f 157/1289/1289 159/1201/1201 165/1288/1288
f 165/1288/1288 159/1201/1201 167/1202/1202
f 165/1288/1288 167/1202/1202 173/1287/1287
f 173/1287/1287 167/1202/1202 175/1203/1203
f 173/1287/1287 175/1203/1203 181/1286/1286
f 181/1286/1286 175/1203/1203 183/1204/1204
f 181/1286/1286 183/1204/1204 189/1285/1285
f 189/1285/1285 183/1204/1204 191/1205/1205
f 189/1285/1285 191/1205/1205 197/1284/1284
f 197/1284/1284 191/1205/1205 199/1206/1206
f 197/1284/1284 199/1206/1206 205/1283/1283
f 205/1283/1283 199/1206/1206 207/1207/1207
f 205/1283/1283 207/1207/1207 213/1282/1282
f 213/1282/1282 207/1207/1207 215/1208/1208
f 213/1282/1282 215/1208/1208 227/941/941
f 349/1281/1281 353/1209/1209 489/1280/1280
f 489/1280/1280 353/1209/1209 491/1210/1210
f 489/1280/1280 491/1210/1210 497/1279/1279
f 497/1279/1279 491/1210/1210 499/1211/1211
f 497/1279/1279 499/1211/1211 505/1278/1278
f 505/1278/1278 499/1211/1211 507/1212/1212
f 505/1278/1278 507/1212/1212 513/1277/1277
f 513/1277/1277 507/1212/1212 515/1213/1213
f 513/1277/1277 515/1213/1213 521/1276/1276
f 521/1276/1276 515/1213/1213 523/1214/1214
f 521/1276/1276 523/1214/1214 529/1275/1275
f 529/1275/1275 523/1214/1214 531/1215/1215
f 529/1275/1275 531/1215/1215 537/1274/1274
f 537/1274/1274 531/1215/1215 539/1216/1216
f 537/1274/1274 539/1216/1216 545/1273/1273
f 545/1273/1273 539/1216/1216 547/1217/1217
f 545/1273/1273 547/1217/1217 553/1272/1272
f 553/1272/1272 547/1217/1217 555/1218/1218
f 553/1272/1272 555/1218/1218 561/1271/1271
f 561/1271/1271 555/1218/1218 563/1219/1219
f 561/1271/1271 563/1219/1219 635/1270/1270
f 635/1270/1270 563/1219/1219 637/1220/1220
f 635/1270/1270 637/1220/1220 642/957/957
f 703/1301/1301 704/1221/1221 636/1268/1268
f 636/1268/1268 704/1221/1221 638/1222/1222
f 636/1268/1268 638/1222/1222 562/1267/1267
f 562/1267/1267 638/1222/1222 564/1223/1223
f 562/1267/1267 564/1223/1223 554/1266/1266
f 554/1266/1266 564/1223/1223 556/1224/1224
f 554/1266/1266 556/1224/1224 546/1265/1265
f 546/1265/1265 556/1224/1224 548/1225/1225
f 546/1265/1265 548/1225/1225 538/1264/1264
f 538/1264/1264 548/1225/1225 540/1226/1226
f 538/1264/1264 540/1226/1226 530/1263/1263
f 530/1263/1263 540/1226/1226 532/1227/1227
f 530/1263/1263 532/1227/1227 522/1262/1262
f 522/1262/1262 532/1227/1227 524/1228/1228
f 522/1262/1262 524/1228/1228 514/1261/1261
f 514/1261/1261 524/1228/1228 516/1229/1229
f 514/1261/1261 516/1229/1229 506/1260/1260
f 506/1260/1260 516/1229/1229 508/1230/1230
f 506/1260/1260 508/1230/1230 498/1259/1259
f 498/1259/1259 508/1230/1230 500/1231/1231
f 498/1259/1259 500/1231/1231 490/1258/1258
f 490/1258/1258 500/1231/1231 492/1232/1232
f 490/1258/1258 492/1232/1232 484/973/973
f 352/1257/1257 356/1233/1233 214/1256/1256
f 214/1256/1256 356/1233/1233 216/1234/1234
f 214/1256/1256 216/1234/1234 206/1255/1255
f 206/1255/1255 216/1234/1234 208/1235/1235
f 206/1255/1255 208/1235/1235 198/1254/1254
f 198/1254/1254 208/1235/1235 200/1236/1236
f 198/1254/1254 200/1236/1236 190/1253/1253
f 190/1253/1253 200/1236/1236 192/1237/1237
f 190/1253/1253 192/1237/1237 182/1252/1252
f 182/1252/1252 192/1237/1237 184/1238/1238
f 182/1252/1252 184/1238/1238 174/1251/1251
f 174/1251/1251 184/1238/1238 176/1239/1239
f 174/1251/1251 176/1239/1239 166/1250/1250
f 166/1250/1250 176/1239/1239 168/1240/1240
f 166/1250/1250 168/1240/1240 158/1249/1249
f 158/1249/1249 168/1240/1240 160/1241/1241
f 158/1249/1249 160/1241/1241 150/1248/1248
f 150/1248/1248 160/1241/1241 152/1242/1242
f 150/1248/1248 152/1242/1242 142/1247/1247
f 142/1247/1247 152/1242/1242 144/1243/1243
f 142/1247/1247 144/1243/1243 68/1246/1246
f 68/1246/1246 144/1243/1243 70/1244/1244
f 68/1246/1246 70/1244/1244 66/1133/1133
f 69/1349/1349 2/1302/1302 72/1350/1350
f 72/1350/1350 2/1302/1302 70/1303/1303
f 72/1350/1350 70/1303/1303 140/1397/1397
f 140/1397/1397 70/1303/1303 144/1304/1304
f 140/1397/1397 144/1304/1304 148/1396/1396
f 148/1396/1396 144/1304/1304 152/1305/1305
f 148/1396/1396 152/1305/1305 156/1395/1395
f 156/1395/1395 152/1305/1305 160/1306/1306
f 156/1395/1395 160/1306/1306 164/1394/1394
f 164/1394/1394 160/1306/1306 168/1307/1307
f 164/1394/1394 168/1307/1307 172/1393/1393
f 172/1393/1393 168/1307/1307 176/1308/1308
f 172/1393/1393 176/1308/1308 180/1392/1392
f 180/1392/1392 176/1308/1308 184/1309/1309
f 180/1392/1392 184/1309/1309 188/1391/1391
f 188/1391/1391 184/1309/1309 192/1310/1310
f 188/1391/1391 192/1310/1310 196/1390/1390
f 196/1390/1390 192/1310/1310 200/1311/1311
f 196/1390/1390 200/1311/1311 204/1389/1389
f 204/1389/1389 200/1311/1311 208/1312/1312
f 204/1389/1389 208/1312/1312 212/1388/1388
f 212/1388/1388 208/1312/1312 216/1313/1313
f 212/1388/1388 216/1313/1313 220/1387/1387
f 220/1387/1387 216/1313/1313 355/1386/1386
f 355/1386/1386 216/1313/1313 356/1314/1314
f 355/1386/1386 356/1314/1314 488/1385/1385
f 488/1385/1385 356/1314/1314 492/1315/1315
f 488/1385/1385 492/1315/1315 496/1384/1384
f 496/1384/1384 492/1315/1315 500/1316/1316
f 496/1384/1384 500/1316/1316 504/1383/1383
f 504/1383/1383 500/1316/1316 508/1317/1317
f 504/1383/1383 508/1317/1317 512/1382/1382
f 512/1382/1382 508/1317/1317 516/1318/1318
f 512/1382/1382 516/1318/1318 520/1381/1381
f 520/1381/1381 516/1318/1318 524/1319/1319
f 520/1381/1381 524/1319/1319 528/1380/1380
f 528/1380/1380 524/1319/1319 532/1320/1320
f 528/1380/1380 532/1320/1320 536/1379/1379
f 536/1379/1379 532/1320/1320 540/1321/1321
f 536/1379/1379 540/1321/1321 544/1378/1378
f 544/1378/1378 540/1321/1321 548/1322/1322
f 544/1378/1378 548/1322/1322 552/1377/1377
f 552/1377/1377 548/1322/1322 556/1323/1323
f 552/1377/1377 556/1323/1323 560/1376/1376
f 560/1376/1376 556/1323/1323 564/1324/1324
f 560/1376/1376 564/1324/1324 568/1375/1375
f 568/1375/1375 564/1324/1324 638/1325/1325
f 568/1375/1375 638/1325/1325 634/1374/1374
f 634/1374/1374 638/1325/1325 704/1326/1326
f 634/1374/1374 704/1326/1326 637/1327/1327
f 634/1374/1374 637/1327/1327 567/1373/1373
f 567/1373/1373 637/1327/1327 563/1328/1328
f 567/1373/1373 563/1328/1328 559/1372/1372
f 559/1372/1372 563/1328/1328 555/1329/1329
f 559/1372/1372 555/1329/1329 551/1371/1371
f 551/1371/1371 555/1329/1329 547/1330/1330
f 551/1371/1371 547/1330/1330 543/1370/1370
f 543/1370/1370 547/1330/1330 539/1331/1331
f 543/1370/1370 539/1331/1331 535/1369/1369
f 535/1369/1369 539/1331/1331 531/1332/1332
f 535/1369/1369 531/1332/1332 527/1368/1368
f 527/1368/1368 531/1332/1332 523/1333/1333
f 527/1368/1368 523/1333/1333 519/1367/1367
f 519/1367/1367 523/1333/1333 515/1334/1334
f 519/1367/1367 515/1334/1334 511/1366/1366
f 511/1366/1366 515/1334/1334 507/1335/1335
f 511/1366/1366 507/1335/1335 503/1365/1365
f 503/1365/1365 507/1335/1335 499/1336/1336
f 503/1365/1365 499/1336/1336 495/1364/1364
f 495/1364/1364 499/1336/1336 491/1337/1337
f 495/1364/1364 491/1337/1337 487/1363/1363
f 487/1363/1363 491/1337/1337 353/1338/1338
f 487/1363/1363 353/1338/1338 354/1362/1362
f 354/1362/1362 353/1338/1338 219/1361/1361
f 219/1361/1361 353/1338/1338 215/1339/1339
f 219/1361/1361 215/1339/1339 211/1360/1360
f 211/1360/1360 215/1339/1339 207/1340/1340
f 211/1360/1360 207/1340/1340 203/1359/1359
f 203/1359/1359 207/1340/1340 199/1341/1341
f 203/1359/1359 199/1341/1341 195/1358/1358
f 195/1358/1358 199/1341/1341 191/1342/1342
f 195/1358/1358 191/1342/1342 187/1357/1357
f 187/1357/1357 191/1342/1342 183/1343/1343
f 187/1357/1357 183/1343/1343 179/1356/1356
f 179/1356/1356 183/1343/1343 175/1344/1344
f 179/1356/1356 175/1344/1344 171/1355/1355
f 171/1355/1355 175/1344/1344 167/1345/1345
f 171/1355/1355 167/1345/1345 163/1354/1354
f 163/1354/1354 167/1345/1345 159/1346/1346
f 163/1354/1354 159/1346/1346 155/1353/1353
f 155/1353/1353 159/1346/1346 151/1347/1347
f 155/1353/1353 151/1347/1347 147/1352/1352
f 147/1352/1352 151/1347/1347 143/1348/1348
f 147/1352/1352 143/1348/1348 139/1351/1351
f 139/1351/1351 143/1348/1348 69/1349/1349
f 139/1351/1351 69/1349/1349 72/1350/1350
f 68/1445/1445 1/1398/1398 71/1446/1446
f 71/1446/1446 1/1398/1398 67/1399/1399
f 71/1446/1446 67/1399/1399 137/1493/1493
f 137/1493/1493 67/1399/1399 141/1400/1400
f 137/1493/1493 141/1400/1400 145/1492/1492
f 145/1492/1492 141/1400/1400 149/1401/1401
f 145/1492/1492 149/1401/1401 153/1491/1491
f 153/1491/1491 149/1401/1401 157/1402/1402
f 153/1491/1491 157/1402/1402 161/1490/1490
f 161/1490/1490 157/1402/1402 165/1403/1403
f 161/1490/1490 165/1403/1403 169/1489/1489
f 169/1489/1489 165/1403/1403 173/1404/1404
f 169/1489/1489 173/1404/1404 177/1488/1488
f 177/1488/1488 173/1404/1404 181/1405/1405
f 177/1488/1488 181/1405/1405 185/1487/1487
f 185/1487/1487 181/1405/1405 189/1406/1406
f 185/1487/1487 189/1406/1406 193/1486/1486
f 193/1486/1486 189/1406/1406 197/1407/1407
f 193/1486/1486 197/1407/1407 201/1485/1485
f 201/1485/1485 197/1407/1407 205/1408/1408
f 201/1485/1485 205/1408/1408 209/1484/1484
f 209/1484/1484 205/1408/1408 213/1409/1409
f 209/1484/1484 213/1409/1409 217/1483/1483
f 217/1483/1483 213/1409/1409 350/1482/1482
f 350/1482/1482 213/1409/1409 349/1410/1410
f 350/1482/1482 349/1410/1410 485/1481/1481
f 485/1481/1481 349/1410/1410 489/1411/1411
f 485/1481/1481 489/1411/1411 493/1480/1480
f 493/1480/1480 489/1411/1411 497/1412/1412
f 493/1480/1480 497/1412/1412 501/1479/1479
f 501/1479/1479 497/1412/1412 505/1413/1413
f 501/1479/1479 505/1413/1413 509/1478/1478
f 509/1478/1478 505/1413/1413 513/1414/1414
f 509/1478/1478 513/1414/1414 517/1477/1477
f 517/1477/1477 513/1414/1414 521/1415/1415
f 517/1477/1477 521/1415/1415 525/1476/1476
f 525/1476/1476 521/1415/1415 529/1416/1416
f 525/1476/1476 529/1416/1416 533/1475/1475
f 533/1475/1475 529/1416/1416 537/1417/1417
f 533/1475/1475 537/1417/1417 541/1474/1474
f 541/1474/1474 537/1417/1417 545/1418/1418
f 541/1474/1474 545/1418/1418 549/1473/1473
f 549/1473/1473 545/1418/1418 553/1419/1419
f 549/1473/1473 553/1419/1419 557/1472/1472
f 557/1472/1472 553/1419/1419 561/1420/1420
f 557/1472/1472 561/1420/1420 565/1471/1471
f 565/1471/1471 561/1420/1420 635/1421/1421
f 565/1471/1471 635/1421/1421 633/1470/1470
f 633/1470/1470 635/1421/1421 703/1422/1422
f 633/1470/1470 703/1422/1422 636/1423/1423
f 633/1470/1470 636/1423/1423 566/1469/1469
f 566/1469/1469 636/1423/1423 562/1424/1424
f 566/1469/1469 562/1424/1424 558/1468/1468
f 558/1468/1468 562/1424/1424 554/1425/1425
f 558/1468/1468 554/1425/1425 550/1467/1467
f 550/1467/1467 554/1425/1425 546/1426/1426
f 550/1467/1467 546/1426/1426 542/1466/1466
f 542/1466/1466 546/1426/1426 538/1427/1427
f 542/1466/1466 538/1427/1427 534/1465/1465
f 534/1465/1465 538/1427/1427 530/1428/1428
f 534/1465/1465 530/1428/1428 526/1464/1464
f 526/1464/1464 530/1428/1428 522/1429/1429
f 526/1464/1464 522/1429/1429 518/1463/1463
f 518/1463/1463 522/1429/1429 514/1430/1430
f 518/1463/1463 514/1430/1430 510/1462/1462
f 510/1462/1462 514/1430/1430 506/1431/1431
f 510/1462/1462 506/1431/1431 502/1461/1461
f 502/1461/1461 506/1431/1431 498/1432/1432
f 502/1461/1461 498/1432/1432 494/1460/1460
f 494/1460/1460 498/1432/1432 490/1433/1433
f 494/1460/1460 490/1433/1433 486/1459/1459
f 486/1459/1459 490/1433/1433 352/1434/1434
f 486/1459/1459 352/1434/1434 351/1458/1458
f 351/1458/1458 352/1434/1434 218/1457/1457
f 218/1457/1457 352/1434/1434 214/1435/1435
f 218/1457/1457 214/1435/1435 210/1456/1456
f 210/1456/1456 214/1435/1435 206/1436/1436
f 210/1456/1456 206/1436/1436 202/1455/1455
f 202/1455/1455 206/1436/1436 198/1437/1437
f 202/1455/1455 198/1437/1437 194/1454/1454
f 194/1454/1454 198/1437/1437 190/1438/1438
f 194/1454/1454 190/1438/1438 186/1453/1453
f 186/1453/1453 190/1438/1438 182/1439/1439
f 186/1453/1453 182/1439/1439 178/1452/1452
f 178/1452/1452 182/1439/1439 174/1440/1440
f 178/1452/1452 174/1440/1440 170/1451/1451
f 170/1451/1451 174/1440/1440 166/1441/1441
f 170/1451/1451 166/1441/1441 162/1450/1450
f 162/1450/1450 166/1441/1441 158/1442/1442
f 162/1450/1450 158/1442/1442 154/1449/1449
f 154/1449/1449 158/1442/1442 150/1443/1443
f 154/1449/1449 150/1443/1443 146/1448/1448
f 146/1448/1448 150/1443/1443 142/1444/1444
f 146/1448/1448 142/1444/1444 138/1447/1447
f 138/1447/1447 142/1444/1444 68/1445/1445
f 138/1447/1447 68/1445/1445 71/1446/1446
g Solid1:1

v -22.399183 -7.342731 3.217336
v -22.399183 7.164342 3.217336
v -22.310794 -7.514073 3.128948
v -22.310794 7.485927 3.128948
v -22.222406 -7.342731 3.040559
v -22.222406 7.164342 3.040559
v -17.626212 -13.670857 7.990307
v -17.626212 -8.835658 7.990307
v -17.537824 -13.842199 7.901918
v -17.537824 -8.514073 7.901918
v -17.449435 -13.670857 7.813530
v -17.449435 -8.835658 7.813530
vt -15.895189 0.149671 0.000000
vt -16.093627 -0.149671 0.000000
vt -0.426159 -0.149671 0.000000
vt -0.227722 0.149671 0.000000
vt 25.109862 0.000000 0.000000
vt 25.400000 0.211667 0.000000
vt 25.109862 0.423333 0.000000
vt 0.544550 0.423333 0.000000
vt 0.000000 0.211667 0.000000
vt 0.544550 0.000000 0.000000
vt -16.093627 0.149671 0.000000
vt -15.895189 -0.149671 0.000000
vt -0.227722 -0.149671 0.000000
vt -0.426159 0.149671 0.000000
vt -23.630731 0.149671 0.000000
vt -24.132460 -0.149671 0.000000
vt 5.273215 -0.149671 0.000000
vt 5.774943 0.149671 0.000000
vt 0.000000 0.211667 0.000000
vt 0.290138 0.000000 0.000000
vt 8.477742 0.000000 0.000000
vt 9.022292 0.211667 0.000000
vt 8.477742 0.423333 0.000000
vt 0.290138 0.423333 0.000000
vt -24.132460 0.149671 0.000000
vt -23.630731 -0.149671 0.000000
vt 5.774943 -0.149671 0.000000
vt 5.273215 0.149671 0.000000
vt -7.052049 5.715000 0.000000
vt -17.767676 -5.715000 0.000000
vt -9.580071 -5.715000 0.000000
vt 17.513263 5.715000 0.000000
vt 17.767676 -5.715000 0.000000
vt 7.052049 5.715000 0.000000
vt -17.513263 5.715000 0.000000
vt 9.580071 -5.715000 0.000000
vn 0.401395 -1.310286 -2.138605
vn 0.401395 -1.310286 -2.138605
vn 0.401395 -1.310286 -2.138605
vn 0.401395 -1.310286 -2.138605
vn -1.796051 0.000000 -1.796051
vn -1.796051 0.000000 -1.796051
vn -1.796051 0.000000 -1.796051
vn -1.796051 0.000000 -1.796051
vn -1.796051 0.000000 -1.796051
vn -1.796051 0.000000 -1.796051
vn -2.138605 -1.310286 0.401395
vn -2.138605 -1.310286 0.401395
vn -2.138605 -1.310286 0.401395
vn -2.138605 -1.310286 0.401395
vn 2.440132 0.698126 -0.099867
vn 2.440132 0.698126 -0.099867
vn 2.440132 0.698126 -0.099867
vn 2.440132 0.698126 -0.099867
vn 1.796051 -0.000000 1.796051
vn 1.796051 -0.000000 1.796051
vn 1.796051 -0.000000 1.796051
vn 1.796051 -0.000000 1.796051
vn 1.796051 -0.000000 1.796051
vn 1.796051 -0.000000 1.796051
vn -0.099867 0.698126 2.440132
vn -0.099867 0.698126 2.440132
vn -0.099867 0.698126 2.440132
vn -0.099867 0.698126 2.440132
vn -1.796051 0.000000 1.796051
vn -1.796051 0.000000 1.796051
vn -1.796051 0.000000 1.796051
vn -1.796051 0.000000 1.796051
vn 1.796051 -0.000000 -1.796051
vn 1.796051 -0.000000 -1.796051
vn 1.796051 -0.000000 -1.796051
vn 1.796051 -0.000000 -1.796051
usemtl 255,255,255
f 713/1495/1495 707/1496/1496 715/1494/1494
f 715/1494/1494 707/1496/1496 709/1497/1497
f 709/1498/1498 707/1499/1499 710/1503/1503
f 710/1503/1503 707/1499/1499 708/1502/1502
f 708/1502/1502 707/1499/1499 706/1501/1501
f 706/1501/1501 707/1499/1499 705/1500/1500
f 713/1504/1504 711/1505/1505 707/1507/1507
f 707/1507/1507 711/1505/1505 705/1506/1506
f 708/1509/1509 714/1510/1510 710/1508/1508
f 710/1508/1508 714/1510/1510 716/1511/1511
f 715/1513/1513 716/1514/1514 713/1512/1512
f 713/1512/1512 716/1514/1514 714/1515/1515
f 713/1512/1512 714/1515/1515 712/1516/1516
f 712/1516/1516 711/1517/1517 713/1512/1512
f 708/1518/1518 706/1519/1519 714/1521/1521
f 714/1521/1521 706/1519/1519 712/1520/1520
f 711/1523/1523 712/1524/1524 705/1522/1522
f 705/1522/1522 712/1524/1524 706/1525/1525
f 715/1526/1526 709/1527/1527 716/1529/1529
f 716/1529/1529 709/1527/1527 710/1528/1528
g Solid1:2

v -22.222406 -7.342731 -3.040559
v -22.222406 7.164342 -3.040559
v -22.310794 -7.514073 -3.128948
v -22.310794 7.485927 -3.128948
v -22.399183 -7.342731 -3.217336
v -22.399183 7.164342 -3.217336
v -17.449435 -13.670857 -7.813530
v -17.449435 -8.835658 -7.813530
v -17.537824 -13.842199 -7.901918
v -17.537824 -8.514073 -7.901918
v -17.626212 -13.670857 -7.990307
v -17.626212 -8.835658 -7.990307
vt -15.895189 0.149671 0.000000
vt -16.093627 -0.149671 0.000000
vt -0.426159 -0.149671 0.000000
vt -0.227722 0.149671 0.000000
vt 25.109862 0.000000 0.000000
vt 25.400000 0.211667 0.000000
vt 25.109862 0.423333 0.000000
vt 0.544550 0.423333 0.000000
vt 0.000000 0.211667 0.000000
vt 0.544550 0.000000 0.000000
vt -16.093627 0.149671 0.000000
vt -15.895189 -0.149671 0.000000
vt -0.227722 -0.149671 0.000000
vt -0.426159 0.149671 0.000000
vt -23.630731 0.149671 0.000000
vt -24.132460 -0.149671 0.000000
vt 5.273215 -0.149671 0.000000
vt 5.774943 0.149671 0.000000
vt 0.000000 0.211667 0.000000
vt 0.290138 0.000000 0.000000
vt 8.477742 0.000000 0.000000
vt 9.022292 0.211667 0.000000
vt 8.477742 0.423333 0.000000
vt 0.290138 0.423333 0.000000
vt -24.132460 0.149671 0.000000
vt -23.630731 -0.149671 0.000000
vt 5.774943 -0.149671 0.000000
vt 5.273215 0.149671 0.000000
vt -7.052049 5.715000 0.000000
vt -17.767676 -5.715000 0.000000
vt -9.580071 -5.715000 0.000000
vt 17.513263 5.715000 0.000000
vt 17.767676 -5.715000 0.000000
vt 7.052049 5.715000 0.000000
vt -17.513263 5.715000 0.000000
vt 9.580071 -5.715000 0.000000
vn -2.138605 -1.310286 -0.401395
vn -2.138605 -1.310286 -0.401395
vn -2.138605 -1.310286 -0.401395
vn -2.138605 -1.310286 -0.401395
vn -1.796051 0.000000 1.796051
vn -1.796051 0.000000 1.796051
vn -1.796051 0.000000 1.796051
vn -1.796051 0.000000 1.796051
vn -1.796051 0.000000 1.796051
vn -1.796051 0.000000 1.796051
vn 0.401395 -1.310286 2.138605
vn 0.401395 -1.310286 2.138605
vn 0.401395 -1.310286 2.138605
vn 0.401395 -1.310286 2.138605
vn -0.099867 0.698126 -2.440132
vn -0.099867 0.698126 -2.440132
vn -0.099867 0.698126 -2.440132
vn -0.099867 0.698126 -2.440132
vn 1.796051 -0.000000 -1.796051
vn 1.796051 -0.000000 -1.796051
vn 1.796051 -0.000000 -1.796051
vn 1.796051 -0.000000 -1.796051
vn 1.796051 -0.000000 -1.796051
vn 1.796051 -0.000000 -1.796051
vn 2.440132 0.698126 0.099867
vn 2.440132 0.698126 0.099867
vn 2.440132 0.698126 0.099867
vn 2.440132 0.698126 0.099867
vn 1.796051 -0.000000 1.796051
vn 1.796051 -0.000000 1.796051
vn 1.796051 -0.000000 1.796051
vn 1.796051 -0.000000 1.796051
vn -1.796051 0.000000 -1.796051
vn -1.796051 0.000000 -1.796051
vn -1.796051 0.000000 -1.796051
vn -1.796051 0.000000 -1.796051
f 725/1531/1531 719/1532/1532 727/1530/1530
f 727/1530/1530 719/1532/1532 721/1533/1533
f 721/1534/1534 719/1535/1535 722/1539/1539
f 722/1539/1539 719/1535/1535 720/1538/1538
f 720/1538/1538 719/1535/1535 718/1537/1537
f 718/1537/1537 719/1535/1535 717/1536/1536
f 725/1540/1540 723/1541/1541 719/1543/1543
f 719/1543/1543 723/1541/1541 717/1542/1542
f 720/1545/1545 726/1546/1546 722/1544/1544
f 722/1544/1544 726/1546/1546 728/1547/1547
f 727/1549/1549 728/1550/1550 725/1548/1548
f 725/1548/1548 728/1550/1550 726/1551/1551
f 725/1548/1548 726/1551/1551 724/1552/1552
f 724/1552/1552 723/1553/1553 725/1548/1548
f 720/1554/1554 718/1555/1555 726/1557/1557
f 726/1557/1557 718/1555/1555 724/1556/1556
f 723/1559/1559 724/1560/1560 717/1558/1558
f 717/1558/1558 724/1560/1560 718/1561/1561
f 727/1562/1562 721/1563/1563 728/1565/1565
f 728/1565/1565 721/1563/1563 722/1564/1564
g Solid1:3

v -28.480301 -7.342731 -3.217336
v -28.480301 7.164342 -3.217336
v -28.568689 -7.514073 -3.128948
v -28.568689 7.485927 -3.128948
v -28.657078 -7.342731 -3.040559
v -28.657078 7.164342 -3.040559
v -33.253272 -13.670857 -7.990307
v -33.253272 -8.835658 -7.990307
v -33.341660 -13.842199 -7.901918
v -33.341660 -8.514073 -7.901918
v -33.430049 -13.670857 -7.813530
v -33.430049 -8.835658 -7.813530
vt -15.895189 0.149671 0.000000
vt -16.093627 -0.149671 0.000000
vt -0.426159 -0.149671 0.000000
vt -0.227722 0.149671 0.000000
vt 25.109862 0.000000 0.000000
vt 25.400000 0.211667 0.000000
vt 25.109862 0.423333 0.000000
vt 0.544550 0.423333 0.000000
vt 0.000000 0.211667 0.000000
vt 0.544550 0.000000 0.000000
vt -16.093627 0.149671 0.000000
vt -15.895189 -0.149671 0.000000
vt -0.227722 -0.149671 0.000000
vt -0.426159 0.149671 0.000000
vt -23.630731 0.149671 0.000000
vt -24.132460 -0.149671 0.000000
vt 5.273215 -0.149671 0.000000
vt 5.774943 0.149671 0.000000
vt 0.000000 0.211667 0.000000
vt 0.290138 0.000000 0.000000
vt 8.477742 0.000000 0.000000
vt 9.022292 0.211667 0.000000
vt 8.477742 0.423333 0.000000
vt 0.290138 0.423333 0.000000
vt -24.132460 0.149671 0.000000
vt -23.630731 -0.149671 0.000000
vt 5.774943 -0.149671 0.000000
vt 5.273215 0.149671 0.000000
vt -7.052049 5.715000 0.000000
vt -17.767676 -5.715000 0.000000
vt -9.580071 -5.715000 0.000000
vt 17.513263 5.715000 0.000000
vt 17.767676 -5.715000 0.000000
vt 7.052049 5.715000 0.000000
vt -17.513263 5.715000 0.000000
vt 9.580071 -5.715000 0.000000
vn -0.401395 -1.310286 2.138605
vn -0.401395 -1.310286 2.138605
vn -0.401395 -1.310286 2.138605
vn -0.401395 -1.310286 2.138605
vn 1.796051 -0.000000 1.796051
vn 1.796051 -0.000000 1.796051
vn 1.796051 -0.000000 1.796051
vn 1.796051 -0.000000 1.796051
vn 1.796051 -0.000000 1.796051
vn 1.796051 -0.000000 1.796051
vn 2.138605 -1.310286 -0.401395
vn 2.138605 -1.310286 -0.401395
vn 2.138605 -1.310286 -0.401395
vn 2.138605 -1.310286 -0.401395
vn -2.440132 0.698126 0.099867
vn -2.440132 0.698126 0.099867
vn -2.440132 0.698126 0.099867
vn -2.440132 0.698126 0.099867
vn -1.796051 0.000000 -1.796051
vn -1.796051 0.000000 -1.796051
vn -1.796051 0.000000 -1.796051
vn -1.796051 0.000000 -1.796051
vn -1.796051 0.000000 -1.796051
vn -1.796051 0.000000 -1.796051
vn 0.099867 0.698126 -2.440132
vn 0.099867 0.698126 -2.440132
vn 0.099867 0.698126 -2.440132
vn 0.099867 0.698126 -2.440132
vn 1.796051 -0.000000 -1.796051
vn 1.796051 -0.000000 -1.796051
vn 1.796051 -0.000000 -1.796051
vn 1.796051 -0.000000 -1.796051
vn -1.796051 0.000000 1.796051
vn -1.796051 0.000000 1.796051
vn -1.796051 0.000000 1.796051
vn -1.796051 0.000000 1.796051
f 737/1567/1567 731/1568/1568 739/1566/1566
f 739/1566/1566 731/1568/1568 733/1569/1569
f 733/1570/1570 731/1571/1571 734/1575/1575
f 734/1575/1575 731/1571/1571 732/1574/1574
f 732/1574/1574 731/1571/1571 730/1573/1573
f 730/1573/1573 731/1571/1571 729/1572/1572
f 737/1576/1576 735/1577/1577 731/1579/1579
f 731/1579/1579 735/1577/1577 729/1578/1578
f 732/1581/1581 738/1582/1582 734/1580/1580
f 734/1580/1580 738/1582/1582 740/1583/1583
f 739/1585/1585 740/1586/1586 737/1584/1584
f 737/1584/1584 740/1586/1586 738/1587/1587
f 737/1584/1584 738/1587/1587 736/1588/1588
f 736/1588/1588 735/1589/1589 737/1584/1584
f 732/1590/1590 730/1591/1591 738/1593/1593
f 738/1593/1593 730/1591/1591 736/1592/1592
f 735/1595/1595 736/1596/1596 729/1594/1594
f 729/1594/1594 736/1596/1596 730/1597/1597
f 739/1598/1598 733/1599/1599 740/1601/1601
f 740/1601/1601 733/1599/1599 734/1600/1600
g Solid1:4

v -28.657078 -7.342731 3.040559
v -28.657078 7.164342 3.040559
v -28.568689 -7.514073 3.128948
v -28.568689 7.485927 3.128948
v -28.480301 -7.342731 3.217336
v -28.480301 7.164342 3.217336
v -33.430049 -13.670857 7.813530
v -33.430049 -8.835658 7.813530
v -33.341660 -13.842199 7.901918
v -33.341660 -8.514073 7.901918
v -33.253272 -13.670857 7.990307
v -33.253272 -8.835658 7.990307
vt -15.895189 0.149671 0.000000
vt -16.093627 -0.149671 0.000000
vt -0.426159 -0.149671 0.000000
vt -0.227722 0.149671 0.000000
vt 25.109862 0.000000 0.000000
vt 25.400000 0.211667 0.000000
vt 25.109862 0.423333 0.000000
vt 0.544550 0.423333 0.000000
vt 0.000000 0.211667 0.000000
vt 0.544550 0.000000 0.000000
vt -16.093627 0.149671 0.000000
vt -15.895189 -0.149671 0.000000
vt -0.227722 -0.149671 0.000000
vt -0.426159 0.149671 0.000000
vt -23.630731 0.149671 0.000000
vt -24.132460 -0.149671 0.000000
vt 5.273215 -0.149671 0.000000
vt 5.774943 0.149671 0.000000
vt 0.000000 0.211667 0.000000
vt 0.290138 0.000000 0.000000
vt 8.477742 0.000000 0.000000
vt 9.022292 0.211667 0.000000
vt 8.477742 0.423333 0.000000
vt 0.290138 0.423333 0.000000
vt -24.132460 0.149671 0.000000
vt -23.630731 -0.149671 0.000000
vt 5.774943 -0.149671 0.000000
vt 5.273215 0.149671 0.000000
vt -7.052049 5.715000 0.000000
vt -17.767676 -5.715000 0.000000
vt -9.580071 -5.715000 0.000000
vt 17.513263 5.715000 0.000000
vt 17.767676 -5.715000 0.000000
vt 7.052049 5.715000 0.000000
vt -17.513263 5.715000 0.000000
vt 9.580071 -5.715000 0.000000
vn 2.138605 -1.310286 0.401395
vn 2.138605 -1.310286 0.401395
vn 2.138605 -1.310286 0.401395
vn 2.138605 -1.310286 0.401395
vn 1.796051 -0.000000 -1.796051
vn 1.796051 -0.000000 -1.796051
vn 1.796051 -0.000000 -1.796051
vn 1.796051 -0.000000 -1.796051
vn 1.796051 -0.000000 -1.796051
vn 1.796051 -0.000000 -1.796051
vn -0.401395 -1.310286 -2.138605
vn -0.401395 -1.310286 -2.138605
vn -0.401395 -1.310286 -2.138605
vn -0.401395 -1.310286 -2.138605
vn 0.099867 0.698126 2.440132
vn 0.099867 0.698126 2.440132
vn 0.099867 0.698126 2.440132
vn 0.099867 0.698126 2.440132
vn -1.796051 0.000000 1.796051
vn -1.796051 0.000000 1.796051
vn -1.796051 0.000000 1.796051
vn -1.796051 0.000000 1.796051
vn -1.796051 0.000000 1.796051
vn -1.796051 0.000000 1.796051
vn -2.440132 0.698126 -0.099867
vn -2.440132 0.698126 -0.099867
vn -2.440132 0.698126 -0.099867
vn -2.440132 0.698126 -0.099867
vn -1.796051 0.000000 -1.796051
vn -1.796051 0.000000 -1.796051
vn -1.796051 0.000000 -1.796051
vn -1.796051 0.000000 -1.796051
vn 1.796051 -0.000000 1.796051
vn 1.796051 -0.000000 1.796051
vn 1.796051 -0.000000 1.796051
vn 1.796051 -0.000000 1.796051
f 749/1603/1603 743/1604/1604 751/1602/1602
f 751/1602/1602 743/1604/1604 745/1605/1605
f 745/1606/1606 743/1607/1607 746/1611/1611
f 746/1611/1611 743/1607/1607 744/1610/1610
f 744/1610/1610 743/1607/1607 742/1609/1609
f 742/1609/1609 743/1607/1607 741/1608/1608
f 749/1612/1612 747/1613/1613 743/1615/1615
f 743/1615/1615 747/1613/1613 741/1614/1614
f 744/1617/1617 750/1618/1618 746/1616/1616
f 746/1616/1616 750/1618/1618 752/1619/1619
f 751/1621/1621 752/1622/1622 749/1620/1620
f 749/1620/1620 752/1622/1622 750/1623/1623
f 749/1620/1620 750/1623/1623 748/1624/1624
f 748/1624/1624 747/1625/1625 749/1620/1620
f 744/1626/1626 742/1627/1627 750/1629/1629
f 750/1629/1629 742/1627/1627 748/1628/1628
f 747/1631/1631 748/1632/1632 741/1630/1630
f 741/1630/1630 748/1632/1632 742/1633/1633
f 751/1634/1634 745/1635/1635 752/1637/1637
f 752/1637/1637 745/1635/1635 746/1636/1636
# 752 vertices
# 1637 texture params
# 1637 normals
# 1552 facets

# 5 groups
